cookie_id,score
ck_315fb710a0e371e7,0.0029115863417375795
ck_a76ee3b3e3e522fd,0.2661376840468064
ck_94c9a4d382689e82,0.12418703698906586
ck_8eaf9509ad9462a0,0.0022530680279205756
ck_9a88a5a989cb5bc6,0.02263296166068844
ck_15239ef0689c1a35,0.03057067885642951
ck_8de69cd219d3b87f,0.5928494113010786
ck_f92cd37022b0ce21,0.03480052529831523
ck_1a3ff7620580a514,0.009467669872484912
ck_397c03aa33a57310,0.41454934769508567
ck_a7cf6c3b322f6b7a,0.02714903055489894
ck_c39a9e75760e3201,0.0031616746439004743
ck_88ab6d245228c38e,0.0015608927218528207
ck_17733f75ebdea93e,0.003840493738270651
ck_58eb871e8d7bed52,0.034987070313382794
ck_e55b7fa67db1ec27,0.002253189261978153
ck_62f5cfe22c952694,0.00304392233759888
ck_7fbb709a0fe95759,0.006060743854863983
ck_87abe9cd066a20fb,0.015124471773219466
ck_d58e058b5c553dd5,0.023622484550064018
ck_d27b872648b71202,0.00902313685600233
ck_4b4a3c5b95c55b43,0.0014535902343333193
ck_66dd4f4b4127256d,0.00145825273414312
ck_93cc12703b500613,0.25240657874609945
ck_d28806a2179092eb,0.9934313816634504
ck_0595c2a0c7881e05,0.03517409459156074
ck_50087d8666191144,0.4157633101344244
ck_b08b3f089138c901,0.028735977345939547
ck_fe3b67041dad2dd1,0.0018405665929309301
ck_8449a28f7d475d93,0.0513225401463172
ck_8642e3b6d84f49d3,0.02577389064655021
ck_e49b5e4f2f2e79db,0.8393183999101308
ck_437afe412ea4259c,0.11278070420477614
ck_569b83668d74042d,0.9370338979145219
ck_233a487d31c3e631,0.9941140723082883
ck_1fca72e03143a645,0.9689568368262105
ck_79205e31223df2ad,0.048486459691575605
ck_9625a64406ea16e3,0.004673121548472028
ck_079bd18dacb704a8,0.3362688667425234
ck_4db6d4fd2b49aa81,0.013860014066706875
ck_0dbefdac0a1868fb,0.002149149379462366
ck_24ff97ad90bdd69a,0.07758692920037531
ck_77f8c5042065d506,0.015118771569320287
ck_f11be8ce05382cec,0.004547495388123401
ck_c9d72140b0389216,0.03899434279357753
ck_69eda24e931fb36a,0.0046996823670147824
ck_ed471e496916ee15,0.002816194567181215
ck_ff090498c4b17ac3,0.007933674411987264
ck_c3c19d6a0720915c,0.0013326729411015181
ck_af02e1817cfa40b5,0.009697869108712624
ck_2df5a9fc87553eb1,0.006353390454451693
ck_4ac918e884cff336,0.03738896877846392
ck_ca149244b54ef3ad,0.0013513998966202805
ck_6babe5b8674ff51f,0.03581423998622714
ck_1573878386886290,0.01136597171782805
ck_3925f8565abb7fe4,0.008250748460409789
ck_c4de808ae69c771f,0.001986310747191345
ck_a777c813551281fe,0.008746473097704818
ck_df4424f6dd85080d,0.05737851162257651
ck_85e5494ec20383ae,0.06862385812699733
ck_f71a4094e889c3af,0.00443954696557024
ck_f2f3cf9cd23b2809,0.030520682199897304
ck_18e2076397bcc211,0.04679170915348337
ck_c9f9fddef39bc664,0.08047910665437032
ck_7e826e233d6ea028,0.005870689168170434
ck_62fd7eb46bee9210,0.010408480574455954
ck_206f8e3cd72768f3,0.06917809241221147
ck_aa295a11b0a6ab36,0.029506757638843223
ck_9a56739d81f84a53,0.004947861937680555
ck_aa075c418ed9fe5a,0.012938410013481295
ck_62b9fb3db284941b,0.007732824783789242
ck_f4f83b1403ebea46,0.020518549604398393
ck_16b66bd803288bc3,0.6322563154813352
ck_c4ca1434f3778f1d,0.9849430783168254
ck_1b823610371a29c0,0.026238849175819135
ck_c2bd5a722aa637d9,0.008103200749368964
ck_7890208951df34f0,0.020909877362796103
ck_020eb0e454524ecd,0.005260536269223476
ck_3b66196ccf436c35,0.012153363583053647
ck_109fc467ec0a4af5,0.07915071210219914
ck_f3dcd818db92de7b,0.01866201867893517
ck_31e7742f160980ef,0.018703855937321184
ck_77fce5f86f00b8f4,0.2139654101852063
ck_46bc797b4d07d607,0.005317562716699808
ck_37899b1b571b1c6b,0.01857617604140061
ck_ef8a6af43fedd464,0.007093282035368565
ck_bcc8519fe8521038,0.03563465226534011
ck_90696b7182dd9129,0.015004964099416216
ck_4a24ad61d017e1ba,0.026408542152091163
ck_0acc3d8c67218b9d,0.009545850563223037
ck_05c97fc9de11aba6,0.37995842828239423
ck_f8ac3a0500c0ec62,0.022255789225032106
ck_617b65141f546a1c,0.005900812268263232
ck_9d00823bf60388d7,0.04347722289659176
ck_123c15d93f1840f2,0.09920780902305275
ck_573feefba6bf78bb,0.049029116682203035
ck_b25657bd16739036,0.014343981108190691
ck_bd26d2bef14a8597,0.028042856836681354
ck_a553418f2fba1440,0.015899526316674763
ck_89f3e380b0686963,0.005771845140342721
ck_b359192aa659bdce,0.10566658035544789
ck_02241f3dc301bebf,0.03076472669480731
ck_5ccc1a1c78cb33ee,0.029369326709050233
ck_349cc5edda1b8853,0.05108103686554164
ck_e9f228845bf6e28b,0.2618280600516033
ck_0a45d033d4e280ea,0.05347595517956503
ck_7e63168dda612235,0.0066475750769442975
ck_676fa5f6aae5475b,0.0026772460297079894
ck_74b502b20690ccfe,0.008879538046630704
ck_073509af21dd7f5f,0.7334714138459594
ck_498a0acd450944d8,0.0017032966890972064
ck_7f15b50b29dead01,0.009187001766521792
ck_8089fe7403c5f537,0.010496361408939303
ck_05b2b04e11d9ae9c,0.05071600740846277
ck_31e70f2f04b48b88,0.002257674182826974
ck_994316fa5a02b319,0.004330691584840116
ck_b76510998b9a2260,0.048003808118103695
ck_4db95c310e105d30,0.002731264053536051
ck_6f730b77dc6cdb84,0.0031562882848122278
ck_2493ee8e7b91d304,0.06277658324675817
ck_92d679d6ac7dcdcb,0.309484210411406
ck_3a0e0200cbb185cb,0.022692246300378766
ck_0b2eeb4e00ff7955,0.022778481760869006
ck_9843d0e61c37ebe8,0.9937116217634688
ck_e61c8721e3ef1921,0.04369781685963755
ck_2e0eedaaf2980c2c,0.008416321335496314
ck_9036b2e5e9298a34,0.002955297182647098
ck_3265442528d51728,0.04769464802841767
ck_f2ddae2eb1cb29b4,0.00650737585380723
ck_6cfa71d27fc27f92,0.04584545071036258
ck_f3199fbe84a28b9a,0.1980538148848835
ck_b78d785ca3ef773a,0.013604763721812742
ck_374865697f1480eb,0.08275832932809583
ck_06d0e4a9189302a9,0.017868280380441807
ck_9c9884b9bcaa552e,0.20907988183764928
ck_fd4cf578e87703ff,0.06757430766435107
ck_1917ef3e6e345549,0.0700232962808117
ck_e70418b00cbbbac9,0.0788221851185799
ck_a60388296a47062c,0.03706969768114339
ck_d598fe8d2c779ab9,0.015295322002619377
ck_646dc03de4c31803,0.9031044245358976
ck_e4fd8cbd842b6993,0.002168229475645551
ck_2225b555aa2a42ed,0.08207303580456977
ck_6be8ae9d78148882,0.007664903253917267
ck_4199342d3aca74e8,0.12018451139231955
ck_779581adb573261f,0.012457519991364014
ck_bb303568b6915205,0.3779135914711019
ck_17c4296276448afe,0.003855856711226092
ck_a60a61ac829252a0,0.00954828849009523
ck_6ea70950c1cae00b,0.9124826437987883
ck_1abb93f6924645e1,0.04555055173515504
ck_faab769cce19879a,0.11239974365742307
ck_d5b8e74e7ca6355a,0.025288917471237748
ck_f11f7691af16ad07,0.0017860184757275243
ck_188fdf2be7c92e9d,0.993457513871913
ck_4a103f8254b366f7,0.009839414646116576
ck_bfa17a0b1760e616,0.0036606491394146515
ck_a4d7f6a5869d440a,0.9299038217940548
ck_58e20f5a3e7f11b8,0.8463961119531582
ck_4becdd3d2696c7ba,0.014248186611460142
ck_dad5cf32ab9f243f,0.005681901230727236
ck_7d9f73dc7c4f90c3,0.43041168246293743
ck_c19371047a2d011d,0.0039451794098064735
ck_247589ff532f7aa8,0.007479317438828977
ck_7a9f241d5f082567,0.0024547422871049646
ck_0a2b7078736b4dda,0.007962230919167812
ck_687b412e2aac7eb6,0.022127705763629737
ck_fce0b6855886a0b8,0.009427185584976154
ck_e291cc60920456d0,0.5672866371309834
ck_04219a7ea798db51,0.05317704377210819
ck_286bfd719836e9f3,0.503684541575606
ck_55efc92394fee232,0.029447731523741316
ck_e36c8da1bd359960,0.07375521225762807
ck_34b0988a97d96902,0.01572312622937061
ck_e0fb11fc9dcb34e6,0.017304142650010554
ck_bcc9cbc9ed8b7c31,0.014878889196323122
ck_3df8da6f60a89a5b,0.013143880100109785
ck_b1495ee5c59a6b28,0.017461041149097068
ck_58f4c3ac61fda129,0.16964641043321352
ck_735f244b99e3aa8d,0.0080075300308426
ck_6b93bd8abf87b1d6,0.9434542683238538
ck_12107dacc6d05bd1,0.002278976954679567
ck_f96db2a1f3448d1f,0.026587510270684327
ck_8fd91a3c99e19097,0.02725146069185608
ck_910205d25388a0ae,0.002044143616347994
ck_d229dfa0e4442628,0.001864483819479779
ck_7cdec61e1c488798,0.09416420802517637
ck_f66f06e24ff32671,0.032638166174020045
ck_350bf14e90b503f5,0.009522679099518093
ck_61fff5fdaadd394b,0.01914125875828589
ck_e934f984bad2ff91,0.679638771099491
ck_ff6a6d3547dd2d37,0.025584657562088386
ck_65ad9b15979e3247,0.02820549250909443
ck_bbe1a2ea5a403ad8,0.6864453756438422
ck_6f3a28eecd2c4031,0.022841042788564418
ck_a89b66665714058f,0.00853765696185012
ck_918c92182b6817cd,0.019513533830559173
ck_64f5eb4be9e7b8fa,0.7877983730540276
ck_d021fd497ea35fb2,0.04185882753739079
ck_004de16f7d8a42ae,0.03691919582323205
ck_a33d2325f86ab12d,0.0026224084804284745
ck_89790ff26c844bc6,0.013770763079859416
ck_e6e7257377c37b28,0.16359727566864804
ck_a2cc3910a641a808,0.9120515019080283
ck_646e270e0195bf05,0.010219759031474809
ck_baba5d66def0d770,0.16478377210195227
ck_67cdcdda3033842d,0.1090298962774315
ck_b5c3075c811a2216,0.05709447686947042
ck_515379973a8044b8,0.004297394449876279
ck_c0ce85fb4109567d,0.017817694102505135
ck_fef850553862aaca,0.0027280292026982313
ck_55d7217b0aff9fa2,0.01380663827644621
ck_8e139f8925ef7968,0.009700301264194492
ck_9e35b908fca1e4d7,0.0031030108222237104
ck_59735f4ab2ad3da5,0.04221383135228992
ck_dc569c1167ccec0d,0.6686286579824294
ck_1dade5592f90a15c,0.06457989575222
ck_793048d11fb8b328,0.1313396442802425
ck_545b71eb4fa594b5,0.0038977972337830135
ck_bd30853e9a57b544,0.043462174959432526
ck_59f46321ecf6d306,0.010692951173082227
ck_260cfe9141d249f1,0.4686703136744263
ck_3365a0ad1a8aa83c,0.007453640007587589
ck_b0ef193195a2138b,0.01781289275875853
ck_0f909705e2e60f2f,0.003626765109181905
ck_5a540b75c866166a,0.03314109714824028
ck_87c26b2f41025109,0.9584438138343803
ck_27acc9f320cda104,0.39628873460799535
ck_a27bc31eecd9cb9a,0.037288739679437716
ck_115d86fabde77b65,0.003764916015211796
ck_eeca179341d56f8a,0.7401107847674214
ck_8e5999c436cf037e,0.0021235233462287458
ck_510e7c5df1f95d90,0.953228680311331
ck_f1acf73363925958,0.03418645194257942
ck_3c177f5970b68bd3,0.0130568770438483
ck_9cdfaa1c30cc9d32,0.0022820624699193756
ck_c8efa1538b37c359,0.013675843878274072
ck_a8a2e296f9804bd7,0.10050617161437081
ck_91a0ca45f429568d,0.02325110983620805
ck_5fdf8a0bdbd3ed62,0.020102339106717045
ck_0f4e2ec66d50da5f,0.00619329840471505
ck_28c53b214b2ee882,0.4375591270220387
ck_003148504557f720,0.28454323429660117
ck_01d840cffb870615,0.3753487804419053
ck_555848d51f4b5f35,0.01709317636199757
ck_df20cc23b8fb8e22,0.0214280536743599
ck_f9604adde929beff,0.00328894598950934
ck_d66952b03591bdec,0.0034500538341326777
ck_ddcac1ab765ff61a,0.014733214965476258
ck_347386629d96c664,0.010989204103878622
ck_ab01db9117acfe3d,0.026534214758417857
ck_58e5359efc52e0ad,0.004772557066376102
ck_1a524b5cc8da71b3,0.08761406927550382
ck_e9287b6d909d731f,0.007670662308125035
ck_bb41a66e3d90263b,0.3877713506577766
ck_e95c8cc1864bd584,0.004016986176852527
ck_7a3f2961e9a8b6dc,0.004811328874138705
ck_378a9df82b1e0bee,0.35660276332807933
ck_42633573639a3f02,0.9839888078663144
ck_2a5a4c18c2c7274b,0.026824779613113674
ck_77549c1a41f837c3,0.016242157579619016
ck_a26704b5b26258b7,0.01781775421519745
ck_9874ad160efddf50,0.01407667338705463
ck_9111e3a04b14dfba,0.018743496133342682
ck_651e076ee43aea85,0.007817337128107013
ck_391639c0f13932f3,0.0018672936519073535
ck_02dbabda93c8c13d,0.08989920674933909
ck_0adcb1fffcb0a34b,0.040552408131542365
ck_7a43ef9c7b1c67b5,0.007566959261516224
ck_4b9dd69946438d0b,0.012916649051385473
ck_90bf017cdd37b66e,0.07389454738098315
ck_61c74163eb36556e,0.020338532704270103
ck_13376c59b5bd6943,0.005290516492244521
ck_62337eccb1672737,0.010679818137083075
ck_16077934338472bf,0.0026719831225009024
ck_0d4dfd93086e7330,0.0074587489986795924
ck_3865b7525b910893,0.03424662395633046
ck_7e2ae8b69ebd5675,0.012628567364976898
ck_b4384b6c11766ce7,0.004409976337907103
ck_3d7fa32dfb9fc692,0.048854494998128904
ck_f4a6a7cadd6e0603,0.09122166713566833
ck_212525e2828a6c45,0.008325987804415173
ck_33ad8d53394ba77a,0.6750823240859315
ck_a5051eafe8b51224,0.026209410335482786
ck_f65e5ff7da565f91,0.0035392239235492594
ck_5c37f7563fa7591d,0.019665017027706767
ck_f1e0a006068aff29,0.031134821581528017
ck_c646cdead6fb79d0,0.010720946966971817
ck_f8b3cdffef535330,0.09153775433103874
ck_e5cdbe3aa12c97f6,0.015318442353711178
ck_986e4e61440506d0,0.14097529185194038
ck_6da9c5912e15d9a8,0.007675954309947143
ck_51d842e6dae74c71,0.020135430109996744
ck_5fc65c24e0736d5d,0.8499358739250048
ck_babb95a76c69509d,0.07599723459798986
ck_86a2d852a9715432,0.024927894791665378
ck_db4083a0d043def8,0.183266608383826
ck_96953b8945b7d403,0.03387888355732471
ck_7831ca5c31fb3859,0.33242436978815015
ck_60ac5e5f375daa38,0.024772953751867385
ck_05d44eb1f5f085ce,0.028004030958030588
ck_432cc19c7eeaa46e,0.022854352921519328
ck_7fc513033af061af,0.05970889951490047
ck_ada6ede84c111719,0.00698872244359057
ck_6343e0d3b1c2962b,0.021712774635165955
ck_010264ae04f2e902,0.31438993352380995
ck_e9dcf535f8c289eb,0.04809559801355656
ck_37143d9cc296e6fa,0.013417050827050988
ck_61fa051192f3e810,0.053532469413980203
ck_f9f93d1d41be1468,0.8071334784669508
ck_c4f4f28457be8a74,0.00308576143496838
ck_323a71f9452d21cb,0.6589378041992968
ck_170f4688e0acd875,0.4423513053281765
ck_869b1878d09d230d,0.19928493978010006
ck_2f6b33bf46976229,0.0016880111255415098
ck_b11e22e75d9b99de,0.0017564863776421428
ck_123d75ffb75b606d,0.006547334322045048
ck_94295287a04c85d2,0.1521799538845415
ck_1b0434f096795328,0.002308003524813258
ck_0a4e191cd0a57ce1,0.002702983205288568
ck_d2fbd0df99634676,0.021745930430593613
ck_d51df5e9fbbbcc94,0.0223986270339718
ck_2d3d7d64a6f443f8,0.02645773113833914
ck_731943c682c9394e,0.03676033832362746
ck_5ccc0c94e5e1f849,0.022623784865144644
ck_c3476080516db25d,0.03264308972271945
ck_5010ffb1c94187b5,0.003147382033248366
ck_7ef666d67bc70223,0.03322892849202904
ck_c1b493527224a27a,0.005334805905076175
ck_5d1e25d7acc5af9a,0.01559329030935126
ck_ec30b61cbf517db8,0.0027148739507816817
ck_79323eb5d2e5efae,0.01261783799210204
ck_4085cd3bf2661518,0.006179376910585672
ck_2ca91214c357c072,0.23148281057615458
ck_7f3132d6be389657,0.10271266866509886
ck_e7a6b925c8f39a85,0.019278682325954335
ck_c886adec7bac250a,0.009985588688823809
ck_c3f360c2d0ea0a37,0.018577525448136015
ck_a7acd5b015823793,0.019972017804841143
ck_9d64187c0800f84e,0.008102428474091459
ck_5d4ed73b9efd7d11,0.033489575912210044
ck_874eca6776b34dec,0.004294025326239642
ck_96a9221a87be93c3,0.027262902676888665
ck_68dd79a51eabf5e6,0.12871583159599595
ck_8311cb6755b2016c,0.003186178486965337
ck_16fc77b2bcf5ec03,0.9671035013274505
ck_ad9e2088a33c8c72,0.0014018462771185683
ck_7176bbc97b1e42a1,0.003488194246885194
ck_80dfa54b30f65fff,0.8338786424427697
ck_31c54d540b128843,0.004453008372607064
ck_43ea894480567274,0.03722894198784855
ck_9c9e8a38bd5a6c88,0.021552797842625867
ck_1c2dcae19539e148,0.14327286717395535
ck_b0fa8b84e94d8ae0,0.03614316659127486
ck_4ceb43ccd0a81c2f,0.016003048847511938
ck_ba845332b730b596,0.004005847878937332
ck_73d3e8c6077f61e6,0.22325480068125772
ck_b5d0d223ef56473f,0.021532022717790398
ck_949f08f8e80e93ea,0.006202375881618957
ck_73de0b49709e5f8c,0.009476382251063226
ck_b5935e9722a39819,0.10277067298533514
ck_96247fee0eb44420,0.00303571672963889
ck_a6def1e4b2d57e0d,0.029311751217167406
ck_aecdc5a96321a2d8,0.04873181163219715
ck_bc61c59970f8de49,0.0587976300176582
ck_c43b4175fc9ac5bd,0.8459838105480809
ck_8ff7a9b23a55fd62,0.017074562484037468
ck_20c99b645f462449,0.015311097795788127
ck_a5ce2ae36fb410d9,0.0020466539509178543
ck_96fb9bf556842bbc,0.029128796023258584
ck_b5e4c6dbbed1b773,0.05443045319653977
ck_2085433978e72ea9,0.10305923863559908
ck_2c6b174b063ec637,0.03720936818781045
ck_b20b81b88dabe28d,0.002052200745517889
ck_243c18dbf150831c,0.002629355198527297
ck_2bb6a17e8eee35cc,0.07594861648700661
ck_66147fb994495396,0.3726163896430604
ck_73f124f075ede0fc,0.018866926527255353
ck_2e315f1b1e533dab,0.0028529945922328216
ck_16c7bf94ed3e7a6f,0.0034570990222506114
ck_4a0eae220a762ac5,0.02920972158845553
ck_dc16f939c2f44ad8,0.09116387484574627
ck_817926b449754917,0.07393234231004543
ck_0c0dde42ab64ef87,0.018088305391713973
ck_cb3a40594da6a2ee,0.024464656731080104
ck_d0dc156441fcfdcb,0.07678860578194721
ck_66f0945add423e9e,0.046984795794698254
ck_a74f6a3030f5d495,0.06281218676611831
ck_1ae460f331e49ae2,0.029960272150595404
ck_2d177b2f4f0b40c9,0.6101953630968704
ck_92e474e4368c4791,0.022694584566721087
ck_3dee83fa2d109484,0.0026500977957343006
ck_80e5ea27848069fe,0.01886743989646197
ck_ed0c4a83701ca230,0.03687276353864871
ck_0b8b7c5c581fd161,0.002228323454349435
ck_60bf8a2870956fb1,0.026227892385021972
ck_73a54b56a2bf35fe,0.890448349753067
ck_2296d7a563424883,0.012680309661258002
ck_bc19c383560c7477,0.03256984337281107
ck_861d8e3d88f1079e,0.06523052372926993
ck_3f090fc96c24eb28,0.004258664156107352
ck_9a6a1f8102febfca,0.1060670513510484
ck_541b6ad5d2fa5a39,0.017925013025031515
ck_a760d38d1bc4de97,0.009626976513968695
ck_7dca4d7ee10b4eeb,0.003001086306902986
ck_15220e78d1545e40,0.027279340569063542
ck_ca24bb0de508efb0,0.005412516205350475
ck_56b389627d8f02c5,0.9664368702229407
ck_48a6754977a44db0,0.004832981023268455
ck_333a43ec339a04cb,0.0571264795593176
ck_f22aacaf86a65d7e,0.1796731114488269
ck_04bd8a1ffaf3ffd8,0.0034882870289953977
ck_2737a72de6b700f3,0.22920762789518487
ck_c35e03b0dd0c3454,0.02776288847656892
ck_e0571312f395cd94,0.023070145535013478
ck_09fab6b9825001b2,0.004744121925723378
ck_18c3a095606209e8,0.02238538830898895
ck_2a97db9377d01e36,0.010305808599794153
ck_f29dbbfdd2786bd1,0.02071977108132236
ck_35d6c510ad29362e,0.5215948004788453
ck_5468fa99c945d785,0.009658355611183637
ck_6f8102f62c876cc9,0.04016701611178158
ck_91955aab3424ad16,0.0034092503773074747
ck_9a43c0c73a39d759,0.04982370337481532
ck_60b023af6d1e30bf,0.7753931327813337
ck_9704c5cf8659cedc,0.027265773360570927
ck_7e5f02b51b9f78bf,0.29349630183097203
ck_7d3a88d1aa649708,0.9275192822934684
ck_8250eddc1ecb07a0,0.15362246056533624
ck_d979ef95ee44023d,0.05519710666711956
ck_5e5461dac83531ac,0.0844782884926449
ck_d1bb8890081e0a31,0.02096797652950086
ck_32246c62640648d9,0.00718368088562582
ck_77a40c7d2f862a32,0.05633637448505437
ck_1c8b94efe9238f5b,0.004622440256892137
ck_eaf3b6d11bc3cb11,0.004441297364231784
ck_a4a7ef3ad799c380,0.022366038684151202
ck_d5bd8f68da073cd8,0.002739000478853792
ck_6e6258227fc8db7f,0.0022484111663957054
ck_c35d444e05799db6,0.03164845241383966
ck_74665e1209140ae8,0.03618024995703755
ck_353a272478f7e903,0.008125063218253925
ck_a2c9796ea229a4e2,0.007963612909009292
ck_e0171f91cb3411fe,0.06572513379888602
ck_703499f5410280f7,0.0030986079250638547
ck_ae3a763997f8f385,0.06385183019902983
ck_f7ff94c3df5ac874,0.030508275342822477
ck_f3c16d8f747db046,0.05270634023955276
ck_7ef019ed77276496,0.0026402029444156615
ck_d6a4faadab58a3de,0.00943426139815945
ck_ba7b78d31d74c794,0.010401213570648648
ck_36287d063350ce9d,0.004349271284724268
ck_5177fc7137ff26ce,0.006453831948920009
ck_dfd4e79aaa967b63,0.013114574457390551
ck_fb44d15fb93a7157,0.044999945290541216
ck_fca478361870a4ca,0.008283517921047553
ck_e57b94fe57341058,0.02787271458121236
ck_5448c946cc4758fe,0.01575932538767543
ck_c5ece5ffb8800ad4,0.026593338564027878
ck_11cb98211b2ed134,0.8991234389994905
ck_f655399ac75c4450,0.023918336462093598
ck_c817259019588d30,0.024367079669182595
ck_8740a14d8096c6e1,0.06059935556244601
ck_0c5ba86f4e05b38d,0.021234943660562573
ck_ccc917533d4b73d4,0.028244982308250788
ck_9eb80edfa43203de,0.010074673501325706
ck_d1a1cf4cf61d6801,0.022124079249362424
ck_b17c239f160e6017,0.02215154310427105
ck_410c3e13b48e0415,0.003498455760706775
ck_ab553954435e8854,0.9373806509545429
ck_bdbb4230c91e1604,0.04038786838039744
ck_8fd4937eadd64fb6,0.0035521256523611496
ck_e0e90b196bef3c11,0.0014150557983461168
ck_3dc4d464386f0eb2,0.28651711760186677
ck_51bbbf8f8e8ad005,0.9946349402021184
ck_c05737ab74cf03c6,0.039804670967432815
ck_dceabbe04d99afc2,0.0032393145986415605
ck_5b86fd14e85bc9c7,0.6007033978155716
ck_d4febf0083800424,0.01983455151295605
ck_77d9f86dcf251739,0.012442643286797896
ck_b4dcebc543deaafb,0.028582565191142356
ck_cb856e75c949b0cc,0.002701984423559437
ck_61b067de8ffc1ca1,0.034934447114688426
ck_c0e8560ccfd9dd9d,0.006986916097656551
ck_173e1198c341087b,0.013283300445689353
ck_b4d55bc809000276,0.07928559370984799
ck_839bf139296b5cea,0.019649589813138812
ck_78cd402a2a4f2e35,0.002658229751401647
ck_c2925c50ebacbdba,0.018621647004334278
ck_5e3bc76eddbdb0a6,0.0017447229419752825
ck_b7793edca26fc512,0.01110347280313192
ck_d79bdf04d6f31cd5,0.005814624302591675
ck_4b97d19ed946f503,0.04271000285147299
ck_37139b41c5370523,0.29032814264676393
ck_8c346eeefa9ce692,0.023788702892983737
ck_2ab7eddee2d8c49e,0.012715902803165093
ck_29da59ea3bffb9d8,0.19858255617437792
ck_c1d05ef0ec6e4be7,0.007819157717841333
ck_3882423b449f6291,0.9299911877313695
ck_5647030283171ed5,0.7251570169000882
ck_efbdcd9c181e72ca,0.034280469340683226
ck_192fdad892782daf,0.23488800343847585
ck_0bf2e13b9f2601ac,0.0465429614379029
ck_3d6046a533057795,0.019697439309815646
ck_279a1d3a3836e5cc,0.017506767296142724
ck_c375e929becde422,0.02236607724558549
ck_a59e90219939a1f0,0.005924488948291163
ck_4e9fba1ec54c3ff8,0.011244631783513636
ck_bcbd8588a13f5eef,0.0015178038464118198
ck_5f9a7ff990341bdd,0.0025163955202966333
ck_e0403d507519b7d2,0.022195478882549274
ck_c9490cb61aff5112,0.04211775978976443
ck_41dd44308e6a665a,0.17190534173120867
ck_76c23726cd7ca947,0.013790244344536235
ck_9be551300209fa83,0.08874699305919471
ck_a98848eec6c9581e,0.043765402307801876
ck_61176dafb33b2d8a,0.6203039574161388
ck_92de019e05971ce3,0.004882551985390817
ck_5d644224135d7c65,0.05512974354894203
ck_c767fc454fa215d0,0.004222538239887482
ck_5df85a8924e11f27,0.08355396381104392
ck_da2729307af06ed5,0.06797794017341773
ck_7c6b577174af7a78,0.01984288174310529
ck_893b8afbe11301e1,0.03447700169933896
ck_e06f6fed020ae014,0.011244544103816789
ck_386680372fb54857,0.004186575231568436
ck_7a7f3c4fe0c9d2ca,0.00272229910401822
ck_f908b527c4db422d,0.1486270382272015
ck_ec2eee6a133e9a6f,0.11033427015111125
ck_d98934f9fe0b02b3,0.002893257252701051
ck_398a1ed77b0130e5,0.016843586039455658
ck_d960af7a55b892b1,0.027664919749569677
ck_4637e54a9f79e2e7,0.005398746029153624
ck_02b9f418524f6650,0.015049441557444573
ck_d4b23804cebb045d,0.024242107187577907
ck_35b1939c48182a9a,0.021330142529857498
ck_2dcbb71e39d64305,0.019502025211122487
ck_47a884dec960ff2d,0.003213544203254246
ck_71fd8c346fde5cca,0.09950535200056661
ck_98e1992ac8e7d2de,0.2494879027418564
ck_ae7780327e210522,0.03426197771375773
ck_e6c584b4b1ad6d9d,0.03890379916404665
ck_344b2e326a6c3dcc,0.005604634254144515
ck_9aa899a5230b0963,0.054136068416410714
ck_e48d14d5b70ef5aa,0.026898257890181205
ck_59d380a0973b3951,0.02300290893323746
ck_11318f7c041a5ba9,0.01095642693822809
ck_7061786fe2f22f5a,0.02671126214103962
ck_e77529651c416cf7,0.02879139973059942
ck_7f79878197340435,0.00950218879012396
ck_b0a0fb0ee9ebf106,0.005371811000988195
ck_70c7679199776a90,0.023442890127967658
ck_b9facd2210daca5c,0.09094266132543606
ck_9949f53c155b8dde,0.0221181565794791
ck_1c607e24f2c4397a,0.1329929958628444
ck_aefd1ce3ce093cbd,0.005392698207068846
ck_5a29b7018e43280c,0.0017854812655956973
ck_69eb0b2ccfbe5f95,0.0226812788692068
ck_fe037765aa465c58,0.014598874791764424
ck_5e512ef5362a3dd6,0.005521012716169767
ck_544a9e80b7fdc279,0.002850890927748991
ck_7825494e654d5695,0.028842239793204577
ck_f1f2c3c623553f0d,0.003447965737167656
ck_52730906e5b461eb,0.846144947223419
ck_01e0689157fe9617,0.6762496641148258
ck_9da82e567074da9d,0.025509020448228042
ck_6a17384072f904c0,0.015327407548714584
ck_8d84d771a21942a7,0.0018034637592071444
ck_39638880292782a7,0.011350217100259583
ck_7d51c86e0eec72ac,0.034502616290333084
ck_45f4c821c70d134f,0.7618448558634974
ck_0af3c13ba56ce57c,0.0033677176041904127
ck_0789a05e061b2784,0.558565386620848
ck_6ba091eb42ffa9fb,0.1423646054162558
ck_265accb3c5c32620,0.30535954107658053
ck_179039559ff7566c,0.07867275263957171
ck_17c0a6a92b5765cf,0.013700767173580639
ck_59371c9140239fd7,0.032427011743458196
ck_f9c4f8b4ce2691f0,0.016562006202030327
ck_a2637e4872cf4811,0.2800668814197634
ck_1de43fd6c6c22a5f,0.2211211612839575
ck_6e4f31bd108571f0,0.0024611826935585454
ck_da06d97db0b18851,0.0031667014166342163
ck_e0346d5081e640e8,0.0771626668879704
ck_c1c7d4e62c9fcded,0.2196505243803711
ck_2595669e421299f6,0.031666450738914394
ck_3b6057d51fd4c7d6,0.004305569766347873
ck_c5f8ab515840a0fe,0.017522676510085735
ck_435cb24538c6f77c,0.07102607420284525
ck_d84b5403da4cea7b,0.036580997027799274
ck_c2b61a98d1c8f6dd,0.7467396697394314
ck_c9dcd92b2f836b61,0.16118397464430342
ck_9eb5b3f5f672c2b1,0.005064383003812962
ck_e4cf189a8d31649a,0.007598229913133386
ck_6b114f2a48152b96,0.0038504537972970793
ck_3fb95862b70f505c,0.07717451392013013
ck_7f780f465c29398e,0.012283594300898171
ck_ee387f9da79e67ea,0.05561115587261559
ck_fa3b1e85d27af2ee,0.05239972106294649
ck_e739eaaa7a1822f2,0.038255190976957815
ck_dfa0ac11fcb1dabd,0.0019395046427791423
ck_6e8751b571ea54d1,0.05513348677176296
ck_2d695f8358383092,0.09548852575836442
ck_e7dce27edb700f27,0.01989456481867515
ck_e322da8b213eab52,0.00766426065939817
ck_d0b32e039abb8200,0.008690329040566097
ck_b354003302b272ca,0.01570745943358302
ck_f7485cba392bc294,0.21285391401842382
ck_d6a290ff8362c7b9,0.237315327229039
ck_c56a44fe315c0389,0.010991753447715203
ck_f77dfe6512eae322,0.03923309417437246
ck_35fe969c58b9e70b,0.15971214910795642
ck_4c518637db2322d5,0.13036062033312001
ck_cb61902798ecc4fd,0.08153762601181103
ck_56e6cfa32156a916,0.008858333356068573
ck_343e6ed2b9d35c01,0.009716938868424793
ck_51440f64f7250ad7,0.04306189781854961
ck_295bca29c34cfe2e,0.05199144697277778
ck_dd30558576b45e7b,0.009282750698096401
ck_3a30132a57181fe3,0.034602370612788584
ck_4a733aeb833406f4,0.010284304859065306
ck_1b0b7c3d35ab1259,0.10910126601366167
ck_962c3bbf27cd4b80,0.09692507805660477
ck_9528e1d6b1707870,0.059550438977855086
ck_b3263e7f31aab45f,0.01667897942031293
ck_e69195a3c885053d,0.003975021713527292
ck_a907fa8795cd4baf,0.003387476039405174
ck_205c3405045bd835,0.018297217625418194
ck_e81fc223bed3c46a,0.09262728327542741
ck_363751deae40edfb,0.17997142347983483
ck_6176baea8cbebbb6,0.006060029873974591
ck_633e6579f5c74a5c,0.5194172197168553
ck_ddc11fc481eef58d,0.013568735721284147
ck_e975002c979e12c7,0.10586305268646042
ck_8e039b23acaaac00,0.0740287169109213
ck_1d6990d94a4d2ad6,0.07015392525589381
ck_e7b583acaa3171a2,0.23894156213573378
ck_c0133f60d39b2fb5,0.027915713015479238
ck_7d6bff85e7a694bc,0.0035330927604272488
ck_d305b4d82f63f647,0.0023634466644337077
ck_22bd0fc71f95e048,0.03907204571846492
ck_9a65fcfc7916f93f,0.009547121760414902
ck_d61c837b0106085a,0.10439360304898591
ck_be86a1db08dea456,0.036848263321265146
ck_90489c405e6886d8,0.005474895895040199
ck_0add2c321d579d75,0.0666351327633632
ck_482dea6eed92cbbc,0.024090083799243867
ck_c24b47184534cc2c,0.9825221181829091
ck_fa04ac31e596e7d6,0.014439070664632072
ck_084322dc5a3a86f0,0.008077126162150639
ck_ccb72a33cc1877b7,0.02727153973901118
ck_afaf374009d3b248,0.026967162316044947
ck_b53084ffede19a8e,0.0015229179099037968
ck_4760216154c8cac2,0.8167375335831356
ck_37ad3a65db673e70,0.007895356903915433
ck_0c2932cc0d553694,0.02417450951888978
ck_86b853c52f20fef5,0.012848484733922251
ck_38703b7546d35a80,0.032580559019737186
ck_218b7e6e6dbd2da0,0.02171516454486398
ck_402db4184982fdf5,0.032005035104378944
ck_f917c82af80e4a79,0.25674508033092946
ck_3c6417a233c68c73,0.08134644653444921
ck_98068c397d70dd3a,0.01804439328548076
ck_b1cbd6679c0f8d95,0.015120914400553584
ck_9e962f9bb0e7bac2,0.012208098249429747
ck_b08247c3ad567d92,0.5453787279110899
ck_3ef7a03ebb81cfe3,0.0021128487260972917
ck_5d7ae0e3562e99bf,0.13742290275000194
ck_c91a628236baf91b,0.42227537869348897
ck_7f8e816ca51755e3,0.724323833063644
ck_5aadd286d188f5c3,0.014504023161522278
ck_a037aff5f8128c73,0.009745834564952165
ck_5df6529ce8290906,0.024656592888849357
ck_5f3609511443e5a8,0.003234263836930481
ck_a6f61864fac3c8fb,0.012666652966251545
ck_2733fc6ba23ae46e,0.093432014179552
ck_22bfb9246646eb41,0.840294140919684
ck_bfc2a57d8fd1610c,0.45925437308018896
ck_49839e761d0e74e9,0.013636776505496393
ck_aa4ba931dd37481d,0.0021727596143058334
ck_2f9fa0d61829f815,0.03409755310228419
ck_5b82c774df10d49b,0.002150006513267044
ck_411219470d0a195c,0.09376955670552077
ck_d07485ba10514a2d,0.5009434907560887
ck_219bef979ee21bdf,0.0028857829772176943
ck_eb1006e7285184a6,0.1173657785355909
ck_fd242b18575e3063,0.06564930713724694
ck_95188150ff059c70,0.09354136117854743
ck_a9ca2f447b984a6a,0.032980859166127176
ck_2dd39723c4088b64,0.012423892899206215
ck_aa2b4c662ff213b6,0.014201204389089511
ck_1867b1199c864db5,0.039721941949554744
ck_850ec97a5a0dab9a,0.009555903685987474
ck_562320295fa35875,0.002247205537380344
ck_bab5759b07fe2bea,0.011186248916440412
ck_b9f1465d803e57b2,0.16082559957853412
ck_8f21f2690c32c691,0.06984167006340204
ck_df87d6f61a63eb21,0.006975377979370072
ck_770475876d0e7e6a,0.004206509346399378
ck_b4c014d5c0cc9eb2,0.005045810143577655
ck_3add4d23124c9290,0.00569485119163114
ck_bce5b7fecfb6264d,0.3228538116209258
ck_604c17cb97dc89be,0.19493703835843426
ck_e52cbcd9aafd26b2,0.008423192509705805
ck_0ac9114076f5bf3d,0.01091252980902175
ck_dcc125b178b79566,0.0014572543054703635
ck_4e333c09f0c37dee,0.006827561399458137
ck_ff7e31ff8ba731e5,0.014355872551820128
ck_8d0532d24f1070d1,0.0020143719423916036
ck_3689fa41748a6f6b,0.41250850047434895
ck_7509eb97c1948b16,0.017270696805926362
ck_a9161cf1ca22a6bf,0.011987124480796174
ck_bed3e3db135b782e,0.0378069641286907
ck_9040edd974ef8e3f,0.7489158676105984
ck_fac32d76ed40f683,0.02267060889133046
ck_3d7b1078e2d57c69,0.0057833609141667445
ck_dae09c4e074af5dd,0.018798905305363187
ck_fd84507228467b40,0.20770778965389317
ck_e2a2ce9b8cf44c63,0.019001237095150926
ck_cbe716f351d660d4,0.01666365522061065
ck_cba4162ef29a6d27,0.031700366652742264
ck_4f1e962ff8a29732,0.0033884599837977515
ck_39a81899dded61e4,0.015123550726507807
ck_25382331551d22a5,0.038139248863532677
ck_6d64e1c07b19856e,0.011060223404778385
ck_165a868bdef28ad3,0.09503287551748864
ck_88774ae52e30e877,0.015916825485879898
ck_fc7a9d0643570053,0.0019288224604409813
ck_c2017120b3b88a46,0.0029573694536074503
ck_d115ac6b9fd62a7e,0.008913688830806102
ck_439cf7d51ec7de0f,0.019801676472985003
ck_2468a7e9e68a0927,0.013830561635280363
ck_7c418947124dee8f,0.10557644928695503
ck_fb0cf32c4a56f740,0.016451707172995635
ck_694eb6c43193afd4,0.01389034848432763
ck_993beb188dd4abb6,0.002839008043957723
ck_77fa39d3b733c226,0.11690729173823879
ck_49969a9abc47cb69,0.021044433442709457
ck_d3f44bbe2f7e9b2d,0.029806060344537238
ck_fcf5b8216d0c18ef,0.0019147454191804144
ck_daefe1e2d2bc362d,0.016692531925897397
ck_9c9287cb28950eb6,0.013936900774478865
ck_c1d1a625b885a975,0.03682996462954806
ck_71b37fe47490b4ba,0.02567122415832491
ck_5d16e257c0635f7e,0.6223704235532704
ck_15918075563eb074,0.0035405341649272105
ck_9a15fdefc47e8d11,0.04224982132885254
ck_6f04d047d1dde75e,0.002867915898911779
ck_1af2c0b3b8d202c1,0.010351557079485018
ck_174be2231c5fd2b6,0.005712306966496958
ck_bb0713a2a1d65982,0.017852393860585763
ck_0daec63bd5b0729d,0.04509756454895888
ck_c0b5cc3e8ad2ff44,0.1650170534890926
ck_35bee1fc12664644,0.37502124211294713
ck_a1c7cf63467df4c2,0.003025755139079579
ck_ecb1e15f0b185ceb,0.12748456153721108
ck_f280d31f54a4710a,0.024929776081741517
ck_30f4b2ee8abe1342,0.1519992258152417
ck_66bed631354de5b7,0.01286515930936874
ck_c2d3ecd7278eba2c,0.01375791401628665
ck_e901dec0e09eccbb,0.004688080537081621
ck_5d038ecb3c8748a3,0.02730462716926482
ck_283c5bea94b21e80,0.00804926730858807
ck_7956c251b85f009e,0.8741687032456267
ck_9f5f81d771146aa1,0.00243460910995882
ck_9323e6fc1e168eda,0.9071874855138006
ck_10495d3a635b8d69,0.12243074504593804
ck_1982d571cd36eb0c,0.009151562169324409
ck_4f5d7985bcc2eda4,0.006293052400134357
ck_7df526b2b4410bb4,0.07946257323790588
ck_dbb498b1a346a402,0.0023492165949161687
ck_ef059997563e3330,0.019351749854440263
ck_02ec4e06709e6b82,0.0026519683052430285
ck_9782c86ba6485f88,0.0033742059274507077
ck_d69de468b44143ca,0.012398545037710198
ck_6430a8792f400e0a,0.0036570978389792765
ck_8285bd3c90af94f6,0.010119659349516455
ck_985c9ca112000e9a,0.04822527379965693
ck_e679fbf4f4f4aa07,0.002569690103569964
ck_016e8c8eaf9d511b,0.07257058051031147
ck_bc996c523944644b,0.05566790152224679
ck_5b8315726f6204e0,0.03883721327671023
ck_78181f8e998e442f,0.002644568875059988
ck_71c68dfd011dbbbe,0.8433481049667512
ck_db32c95ce2b6f502,0.8606268958209048
ck_755010362a9b1bc4,0.002718123960912057
ck_114141d85256c9ff,0.001788247552128531
ck_9d1a5cf5a3b87e48,0.048035730112197535
ck_ab640420858ab5c4,0.08507816901158327
ck_97a8dac48dd62488,0.5381950494463702
ck_879cc3166fe1bada,0.0018075353481690768
ck_b0ed11080076e381,0.01048850583471353
ck_7334a9ec656263b2,0.0036345266383860067
ck_6494f0ef13ce44d9,0.04249564664654807
ck_724e459b9ece38f4,0.05067995499378842
ck_7fd8b1470401695f,0.7868473693624968
ck_292f81186358b0fa,0.017877853654063844
ck_fa7de64d37287615,0.030868844375762743
ck_d00e09e66ed6458b,0.14456009454197138
ck_b8d210e741be186e,0.008132890335794821
ck_3db59982cbae4410,0.06562744903785962
ck_69887d0a9aaca6df,0.00347520886019332
ck_4feb21e2fb0b3977,0.017504034546763535
ck_08c6cc1e143475e3,0.002117980066640325
ck_fe6e168cdbb46b9a,0.14266152272417182
ck_07f1734be7fac56a,0.10800895057116809
ck_d66d59981307db93,0.06462472559873063
ck_f928dba0d587d7c1,0.015145405399035633
ck_786448fe3004cbd0,0.00944519274461487
ck_29ea329fa40ace62,0.020667410373839432
ck_7ea52b6f27edcb73,0.05521891412913452
ck_18bc51bbf3ef198e,0.029685280050384993
ck_44950df09ff14ded,0.001638223364984531
ck_c1466b52c0a10b93,0.029139830338438283
ck_6cdac067cc4db5c5,0.10455773076917925
ck_53f55c6e8cf2d432,0.003103993997389606
ck_95945f48453ca532,0.05822326938153868
ck_87cce4126e215153,0.01337366680615821
ck_1ecd5516c92caa4f,0.004339461495843058
ck_819b482bca14c068,0.5218934904022917
ck_a61a879dd46fc9f2,0.0369365211037555
ck_af70aa32c009c3c9,0.0161809015877117
ck_f4fe78e249092ab1,0.044598936795741916
ck_12c46bc52bf45b36,0.032121218631238374
ck_f05f5e4b40afa52f,0.18603180169978184
ck_0f8cb09d3f4fc980,0.44251555863580233
ck_80a64a7f0275a71d,0.010505892981387247
ck_683af7b1540a0b22,0.03367626019868742
ck_51fe0b613c076cbe,0.005448216804218053
ck_da1a2450219dcf19,0.17525501009563618
ck_2a7eba01ceba6c2c,0.3617989770570971
ck_4e329e29dfa743ea,0.5976246109396239
ck_0274d881d6db82c8,0.02066376835159958
ck_0af5b7d128035b35,0.03105390087999897
ck_ae0a7be6b0a0ea68,0.021164731814997912
ck_de5bb7a4d091386d,0.37054642591305315
ck_2bb7c17168a9d17d,0.003452751441339773
ck_0ffdff7b2f5fdfe4,0.018226197664693956
ck_718a8390b3d42d7d,0.018307474478157445
ck_7c4f12d70f184533,0.00287210309796534
ck_d3e2c26b8adff099,0.014125462463319432
ck_ac9d3d9754104cf0,0.0024058589775236574
ck_3b1766a1d51f8f0e,0.25680865788282126
ck_a9bf75bea912027b,0.03197303914794345
ck_687eab3ffe1f8cfa,0.06900575854483042
ck_25dd0b02af5b2f37,0.13123137760757916
ck_1747fcc466f0ae38,0.0021298477660626845
ck_f6e9d14dfb6f3c28,0.07076051145892685
ck_c6a7bbd0adc4d5f3,0.12504244092514716
ck_46656a23f4456d22,0.7430330436986883
ck_7519260415c2998e,0.03293112924635518
ck_754f30ea19df857c,0.06496807128972555
ck_ba88a244d5f7380f,0.015494842086843907
ck_f268416945316815,0.023913355647856526
ck_21860dd2159dff28,0.00573484234559721
ck_7a86ef4e2beaec38,0.004929256495746072
ck_0414507baeea936a,0.033722837590819114
ck_60796eb60fc3043e,0.00847515090128669
ck_1e0841ed17fe0562,0.016077167113942085
ck_0d641d32658d6e0f,0.004766369303880562
ck_b36086ae6d87eec1,0.014406099763424135
ck_962e65ab33b5c311,0.8545587051795055
ck_b046a42684468e63,0.022030361432783054
ck_ab3426435b0017d6,0.03924714010350099
ck_fcfe06e44d09a344,0.05278353628252385
ck_0f6d916c92189516,0.01631285361382438
ck_d4c8f0d957c3965d,0.04153216120076003
ck_2ca83dbd728af019,0.005168941696859704
ck_2857a4ce9f72fbfa,0.008057910883273062
ck_a60e6edc48e3d0ac,0.5082101905942459
ck_0cbd3b27063d4415,0.0741377282354314
ck_612089ec90c37219,0.012689084693455255
ck_ec4e597f17f473c6,0.003568715738121659
ck_1c93cc58f314bf71,0.04854737905345166
ck_2b359a979520276e,0.0035511378361777132
ck_1496568ddc3b2d56,0.03969451867454472
ck_41d91dc9f5063566,0.05133618594719908
ck_4c5ff58afe3d7a67,0.002522119985034035
ck_81709736281fa3eb,0.0021091736468103243
ck_d89abbab3d4957aa,0.006389970308657896
ck_52453401f88935da,0.022520345631279484
ck_a477654d34783e06,0.005396417493706679
ck_72dd0dbdf808cb00,0.03351605013414501
ck_c183dff3781746cb,0.1662632233581793
ck_c8b7f241810b45e5,0.0018002749137083051
ck_f88028c3f306bc70,0.04110491112636442
ck_91d48d69e4f5d9c2,0.007038054021116438
ck_b74b9ba6d7c9aab7,0.3748991811790987
ck_03e904682dc73bba,0.015049197180110621
ck_fc6fed6ea96a004a,0.009617192827290701
ck_51efdd240e34c642,0.03981726614854942
ck_e78ab4ff52b5fd2d,0.015621391742236576
ck_4af7b97c24d89a45,0.044189133561440504
ck_295c0072eca7f7a2,0.012217375687660426
ck_8abd1a50a9227463,0.057239307797643836
ck_ecaa6f13304e3dc5,0.0021136215414331604
ck_de436e7b319be1fa,0.9930433457651993
ck_c802cf8f61466027,0.0027106182468678674
ck_3d83e0a3c1cfbf8b,0.009182120446334893
ck_28d2003c2d16e4b6,0.0027581951474738684
ck_8ddaf745bbb9cd62,0.0018447838540957481
ck_493b6256091014cd,0.18941845872068339
ck_a2245822cfea997d,0.01074322037493803
ck_f7305b3c64cf8a03,0.1005730830307826
ck_9937dad93a0ed3c1,0.003482643747789099
ck_d654449f9231ad76,0.009681927905924767
ck_850e2b59bc535490,0.06725085882324572
ck_e55e5bdfc0242aef,0.053290007310294984
ck_d35c51e981b98c5c,0.010682067925058854
ck_27cdf9c5e6f0915b,0.03284717975311608
ck_d328db1e1052d820,0.02562040275832966
ck_0ea30eff5f361cba,0.0065406346679870815
ck_9994323f97109f4b,0.9880541692700343
ck_09054e97bdf9624e,0.00295705213846348
ck_723b4afc388113c8,0.005543134787772279
ck_588f6e6a6a6d93e8,0.014148817920098387
ck_e1d563fab4d6116a,0.00476127469660118
ck_53aca610e20598bc,0.02915246945284021
ck_c8131ddc7ed33448,0.007524464219780737
ck_899f88464305824a,0.07613801286582496
ck_1c17c65804f8889e,0.02928661477837857
ck_45a16ce12893cf9b,0.04118673643381159
ck_f9d481aa4f9b2808,0.7310604768950073
ck_1d5d74169cf892ef,0.06817335603242902
ck_aba32acb61c1aaca,0.08446999857666716
ck_ec4dd3675a8d28cc,0.013131908951155262
ck_5dcd443fe0bbdeac,0.0030989265640186878
ck_3a47e3f54475e854,0.004802413296550902
ck_a9aa5c344c315532,0.026222341201012047
ck_9652283c9f61fcec,0.0041630388397394845
ck_752dd3d2487f78ea,0.010447381417582918
ck_a821980ac4db9943,0.5450525544977007
ck_93e0d6befb67f7a1,0.03589198162385473
ck_e7a3881c3e36bd51,0.3691912697166562
ck_12631b78f8a03df2,0.008466464679407927
ck_57b8226610b48854,0.02062394017528119
ck_352657008983fd4b,0.20805639174096988
ck_0841a5c24fd3dd28,0.018040930496138585
ck_db9b9d5d30f74070,0.09436203146674908
ck_a9dded7f6294e44f,0.05239048077356423
ck_91a16336ce3217dc,0.032644301517435005
ck_371bd9388b287677,0.002458863976050931
ck_f285e5e1912a7c62,0.00301626209355426
ck_368b65fca69fc415,0.13934225073703985
ck_d27a73596b6500c2,0.015198590200226007
ck_2d963f9b2c4d11e1,0.05849299384557948
ck_7c500e219af39486,0.007709143492805245
ck_7d025dea5951cba7,0.01999028407185247
ck_32f632706608859e,0.019903221595884563
ck_53816231f3ffb48d,0.004149474870831959
ck_9dbe184e81c1ca8d,0.0471114924055367
ck_d74123617f22a21e,0.00506062952516922
ck_275386782b1606f8,0.00634589918579934
ck_0b0e79d33e50cba5,0.003770162330218018
ck_ba93cb604f792915,0.05195971289923564
ck_a86cd653472eccbc,0.038081391690773445
ck_87771861e0447210,0.34731968228160576
ck_212380e0371d8a6d,0.014920717374594118
ck_ef0d702d7b0ed745,0.003631423209918806
ck_2b8f33e22f939372,0.9238073764023002
ck_480347ad92037105,0.017364513475584705
ck_20124c3a16c53ce4,0.02499837600528478
ck_c9e1e3229baae708,0.03447318086106948
ck_b1befe967f7a5ebf,0.05170504709153517
ck_4672167d7c989bbf,0.0844311659007791
ck_f0c44ee5e3a42e3d,0.1432224281790975
ck_c416357d20238a4e,0.01870841057339438
ck_d0f470f8078c91df,0.00880973895471027
ck_3a70b4ee59084715,0.0057095222189822055
ck_179ed66cdfc1ce27,0.003075832665609391
ck_387e5a7f163c7837,0.01751395407842508
ck_08fb463e69f647c8,0.989565345037635
ck_732f725747393ec8,0.014817945672620578
ck_7cc5e0fa3ca5a713,0.002830867093736844
ck_ad4a4daa826ac68b,0.7860202726774389
ck_472e0be7a3b533bb,0.08758624433171058
ck_7190177963eafdd9,0.01694143679462595
ck_647ac26c5900f082,0.012495122840248502
ck_272ae2179bbd8e58,0.011063735601961106
ck_09b0d8af304646bd,0.0019458442451707834
ck_ca0cc8ea9f344408,0.005677248799711758
ck_332ad134fb909869,0.027683857477394862
ck_fca2798914627dc8,0.08086196876729067
ck_4450b55f462ae134,0.0075102714078895344
ck_d67d9dfb60b286b9,0.0025189040188434778
ck_a9d2bb4f2bde7052,0.009072584724587664
ck_929bcae878a3ecb3,0.6571283720818467
ck_59a9e000fa275e1f,0.017135022090471668
ck_57f17254e2688637,0.05708032330324007
ck_0508908697f60ce3,0.2407377177787591
ck_946afc2943298d26,0.007448390168088434
ck_7176d12b18f2cc0e,0.019473936775287044
ck_5c47b49c26cce286,0.024846690787463706
ck_b6a2bdb2d335e1d0,0.9929730859057365
ck_1d58f6caaa4d012c,0.026181734749532188
ck_71c917295020ccc7,0.003528293375093174
ck_bc89644ae3688995,0.021779817436316528
ck_e7c212f16d6df272,0.018829381820663352
ck_c6d2e11a368184e6,0.012157740176491025
ck_eed7f1f7548df15b,0.012967827770827512
ck_75b69034000ca7bb,0.034330774361061724
ck_38da3bf629458682,0.013458107275102568
ck_90114c891239d821,0.003350661270666886
ck_8ee08f6777cc155b,0.05374508495228092
ck_bd86132499defcd0,0.032633981547635485
ck_b95fbf2b5640aa82,0.01615577243874454
ck_c530235393360e3b,0.025372438671608526
ck_be52a7ec43241ba4,0.06572743625243584
ck_d96eb3cc55f2772f,0.06606128461136945
ck_dd34f0a844fb115d,0.21656141484589408
ck_17cc7b411f448e66,0.08438339647640032
ck_856ea65fa27d06dd,0.054150388683876845
ck_056d5f0301c30902,0.2980033795039305
ck_e662b14b2bab23a2,0.36192249014686223
ck_209f574c8d92274e,0.05518008400749119
ck_62720b81617896cc,0.01733936429897755
ck_041614694b77e599,0.018037791284493992
ck_461e3f7b97db8d16,0.015880402540540167
ck_1b74b798eebeabdc,0.010376751497286153
ck_0ed2739384f1d644,0.011007518731054483
ck_5a4d19f1b83feeb8,0.0036083326665960476
ck_463937167965a1f8,0.029598420485176507
ck_9d7151dbdf100e0e,0.06253927533333394
ck_20a7d1ce6cc27312,0.00846001595115284
ck_6031211ff118cf0f,0.0015686649892067614
ck_a6fc92aa91e99b77,0.8817805590428939
ck_0aaaa9d2f75a0518,0.03164777090453009
ck_ec26e327cc1848b2,0.00771112470238839
ck_0e6bebf8ae9b9b03,0.040316166091944196
ck_e107537a4cb738f4,0.013542262496027475
ck_e8ea56e122a5a487,0.02826535636540668
ck_98149ed45d38c4d3,0.11007181575775937
ck_0e719b3a6906b8f1,0.0018119159419775668
ck_0c6e7bd357e4a348,0.003684868700893734
ck_d3b2b250da61db19,0.9292249873915056
ck_8bb6b0a292754576,0.13668060506931448
ck_87d70f5fe48a6128,0.04286980263696932
ck_ea9edf9c107d429f,0.007079135610258934
ck_059806c52cebe4f1,0.35681325490060173
ck_a72d6df666e1c21c,0.004552651972629453
ck_1d2b80ab6c4944b9,0.009935884773725557
ck_60557f077abc42ca,0.6285822039194277
ck_e5f5cb7dd6ce4a37,0.029161118553881968
ck_4c4a939154446053,0.010915797957302088
ck_50ede3eb561a202c,0.020021246160058567
ck_6d03a542922b2ae8,0.01118983090877656
ck_d6fe761ed0db3270,0.031215632671757077
ck_7f0cd6ea3096f985,0.002864537852789468
ck_23edb6d938a3b87b,0.003686465355499557
ck_799aaf9f2b9ef621,0.022830723691885036
ck_f8f6a03613b6dda8,0.009162342601219441
ck_7cffb189f4f514ec,0.9626235354066304
ck_c081e1967dcd811f,0.05765336735228723
ck_583d6ca78c97d91e,0.572941872595356
ck_9332bbc7125219a7,0.011862066039196026
ck_956b5af6d7d86c65,0.8871373483094974
ck_2d634e3f24681c0f,0.046048839928166364
ck_7b35d218ed0c5a60,0.012772224862523865
ck_ca5b1057f8248f73,0.012407407682832062
ck_ec5ea81cf813597c,0.010276668329302506
ck_eaebaf4d28400fb8,0.020216064966499355
ck_ae2ab6be219219aa,0.003005309103687502
ck_d99a8b4c820eb46b,0.00368837698417239
ck_bcfb7ffb7cd428bd,0.008991106140824993
ck_3dd542c2d31be2c0,0.025508434979030617
ck_c7dd84401e29a7fc,0.00851266137356849
ck_c4bcc7cefd40f8e2,0.0016613486262901265
ck_c251898b5d51e3b0,0.00781382091449014
ck_36d37be780c1291c,0.00810506961771523
ck_99b4f266b61ae7ee,0.08596414336330487
ck_c37f03995f0f0169,0.001332985080136931
ck_65a23ac8e44eb901,0.005169705573634137
ck_644b1c1149eea9e0,0.028036155042842643
ck_9cf44eb0237c2429,0.033228005360897865
ck_20541686a94fb71c,0.08133392279274107
ck_c18245be844680f3,0.009333170860004602
ck_56de216eda6b7fa6,0.0020504743170365962
ck_406c4442dee45cd1,0.0026954050601514703
ck_df1585c7d72a96e0,0.0022152669157156093
ck_b8e8dba20676d87b,0.031166152594837456
ck_0ee6965e68efc177,0.03379970701327875
ck_c2a5c54ad8d0d297,0.04157285057174041
ck_bf6fb7e6470e95cb,0.0025649469896369096
ck_27fa694569140345,0.002495941066649819
ck_e04166b0ce66393a,0.020135477244165832
ck_8742114f4f0cb22c,0.09994495056068912
ck_6eceeafd56b42576,0.04381171965476197
ck_34f9951b0eca1965,0.015017283585068347
ck_384ccecd342a24ad,0.0014092986803384926
ck_49c98bebd1338879,0.002205822994691272
ck_6c26c12071c91ff6,0.0028794642242632867
ck_01e5986ebb9a78f1,0.0899183615680369
ck_121db7ba3be29ee8,0.04591670778661972
ck_039e6d5a330cea1a,0.16726013135823448
ck_ae8c9163cf957d7e,0.0137048163148615
ck_3f5e8f3f1df0c8c7,0.09173835235596318
ck_b1c51fdafcd80122,0.045265457000280784
ck_12e2b5ebfe8986b2,0.01713705089288055
ck_d55eb81a4d543c59,0.025366610181534566
ck_f85155ca5c312c7b,0.01637352057656839
ck_133d8a1ac7c0e301,0.965356259352736
ck_04212a9bb9b28696,0.9938895552212003
ck_4cc11c7d3ca61f73,0.004860928686471856
ck_2df4854186ec515b,0.02317520965966616
ck_aa9b28e7fc43af79,0.8428550061997444
ck_47cad6c3def4c9e4,0.007572520557958942
ck_fbff7b5da8111567,0.01439844414695906
ck_bd25ea782e375b22,0.0435093806019237
ck_7989376f8cf64a9d,0.015384943671816129
ck_675c0ca1ebb1051c,0.00972110214993985
ck_1436f6e11d4008f9,0.016355518085766647
ck_812cb3a4482cc618,0.014422662602947027
ck_6e606f73a1094afd,0.02759929999313779
ck_1b708e2a4a0584dd,0.03198950825511029
ck_a60d6b324bae0330,0.06044500245944149
ck_706a4f673a9fda3b,0.5994313942160775
ck_a75ece9a9044eed0,0.003489151059746782
ck_9aa45c4e03c8c57a,0.03866309011969984
ck_9fe9bdce982b312c,0.036648925462679026
ck_c6fbdc5ba68a8466,0.020227295355946258
ck_ed0cc1b1c28f9511,0.20978053814803296
ck_a4e2607b4c8021e8,0.0017876542374150178
ck_e02f93f51cc8caf3,0.07007725161326106
ck_7084ed3cf20781b7,0.040485987452490886
ck_cd4c63155570d6ea,0.010765021000031731
ck_d1b9e5d32d2d789f,0.0045868349037164234
ck_68f56f6560a7a933,0.010481044037485421
ck_8bedacc6233c6269,0.038699125422536146
ck_ab7cb50407d6b13e,0.04519828292474859
ck_f17ed7e0fd687742,0.04374983259582669
ck_b0fe4b92fc70f72c,0.005366298575386082
ck_84d62b8196da2452,0.009551704761269606
ck_9e298cae167f4693,0.013165028272234215
ck_405b20ef9ad0ba5f,0.29487196342307126
ck_813e02e1ababd177,0.03191260847040678
ck_f234ab47061ba7c0,0.0028372953895355484
ck_22b587c18363899a,0.014885021505163883
ck_4e862c2f48c38aeb,0.0027728395052835073
ck_b89cb90a420c9075,0.006650367792092796
ck_be2251640f27a3c9,0.12913358975660172
ck_46bec0bff167ed3f,0.05179991066807965
ck_c0032232c2868328,0.02865984062576782
ck_030cf09525dba4ba,0.0029427341874317236
ck_6ecf56236789fc09,0.9251270797346831
ck_38d4ed52cbe6d123,0.026998803961366013
ck_2d923d957ffd4d53,0.01869429402493684
ck_3af1eb88728ed8c7,0.07851451524942697
ck_2f8120ca80a1592c,0.027700207883972733
ck_6cabb1a133f0b151,0.015439351665932369
ck_bb6cf7e7b707731d,0.8760933200094958
ck_c8307fecafa90140,0.02168654572254715
ck_75f968be67f46d24,0.060321874175732614
ck_df6fe4ec5a233213,0.0030237196697874037
ck_b53e88c0e927d896,0.00221301093768591
ck_f0093064aa28f4d0,0.017431370964705314
ck_ec9976cabc63ff92,0.007460176371408656
ck_30dac0a58c5590cb,0.21771952627547733
ck_348a525791ae6475,0.10603902335903981
ck_b898d912d1181ef9,0.022685019336219147
ck_f5b1200dc6f95760,0.027236388496421977
ck_54978a073e7a0b1a,0.023364318277677768
ck_55933936536a4071,0.005034652287050978
ck_d6ba7ffd2ae08863,0.019390707118643522
ck_404e2217fd87fdd2,0.0020175514697670007
ck_dfaafdaefa5716b6,0.16665163239161015
ck_556c62e92d4e7e5b,0.12778010920928798
ck_7ce44f4e06d58111,0.3561318995015683
ck_465cb8ce232c7670,0.006890334069722341
ck_237508ca4fb37268,0.09894366481918371
ck_ba4a6b9aa63964ef,0.07279517702630396
ck_4802a0a7a1882c88,0.5422631146960385
ck_9478dfe4114c30f6,0.010711158736583432
ck_5138f6c575dec64c,0.017879938213799955
ck_aebb42afe430e2e9,0.0045610614106765856
ck_004efa95555437e9,0.01745275959313824
ck_11af112667c98394,0.018865663970512925
ck_44e9a18a8645c9d3,0.002301284609759255
ck_2605fd571219e28d,0.002153013258344931
ck_dfc933493561d84f,0.025128464928050643
ck_67674348e68d1f25,0.01096624894084249
ck_dd97429277a2fa00,0.0492017636064176
ck_d3eab7a06eb48348,0.12395541526841035
ck_0b9fcff9667ec05a,0.019571052869721273
ck_fc4bfd6e739bddea,0.012664551908933501
ck_43292f70a03ddf2b,0.029976185087997584
ck_5ff6108056a3fef5,0.0030873442830325333
ck_767e0be086b5f601,0.06187909188063761
ck_b8465b1a5666155b,0.06253440414193051
ck_ab2e3fc56f5b3aae,0.08199035716530734
ck_1833c81d693c1e07,0.9341104004067158
ck_0308e0602b856445,0.002855603802112709
ck_ccbdfe744acff8bb,0.031194069658108375
ck_b294aa27a0b586d7,0.014531341982481938
ck_a3747201f377626d,0.9720755340601533
ck_edde1d7d1db24725,0.04127311779079911
ck_ae3b47d6e1063704,0.021779153136456297
ck_3aabf5e0f4defb41,0.009613553894312095
ck_f034adb57391f3d7,0.02619863657234886
ck_533672fb40531607,0.22586776025161961
ck_2a244f1ae08ef83c,0.028500025705110472
ck_a35d81bcc54ece2f,0.003222476408546808
ck_78a61215675b38f0,0.012496734773558065
ck_e013d88ea7939616,0.02074748235458661
ck_e5018f9418e0102e,0.09085288930663071
ck_d4e024fcda401a31,0.021179816044965424
ck_f736cffbdb82db34,0.0018083093741339568
ck_1507f5aa50cdf3a0,0.021957285079050565
ck_18270fee7c8fcee8,0.010139563194447537
ck_95ffa1a805a1c9d1,0.0031794105856321614
ck_11132d245b94d045,0.005259356403502749
ck_7b93a622e40d8b14,0.15272166939412676
ck_3854c08d17704347,0.1689431253178909
ck_7717fcb100dc4b5f,0.028282699947863272
ck_ba54e0a1c328119b,0.5709651559221786
ck_a7afdac4ecbf2de4,0.8887016433731291
ck_ecfb771ed2352085,0.022292307200467307
ck_68be4fefc85a6b64,0.5093199291728796
ck_dac7c50bd6d0148f,0.0034364622977805476
ck_87cf36a03bd63c24,0.3147667757320334
ck_8adb40b168b59d7c,0.05417032378663723
ck_8d2f62930777416b,0.07944050883318642
ck_9958b58da9e3c21c,0.03736731619386095
ck_9440335375701f44,0.016137848818662735
ck_e2f88e202b6f700a,0.04178678947477935
ck_4c7c50684827a2cf,0.002840830666490855
ck_8a6ea4a79b1c7a8e,0.01885029587143602
ck_186dbff4b24a3bbf,0.13973437401063707
ck_220fda3c11c59b6c,0.200703232441825
ck_3acccc69f8b1fd14,0.03922973270537965
ck_9de191bf79afd676,0.016462647874919425
ck_6de6b1663f9457f4,0.0020641726346608594
ck_062754f8b79b86e5,0.001980565889335029
ck_aa153a89a52f7eb5,0.06186380969573837
ck_34a6bd3be642f15c,0.03759019570886836
ck_9371c700d9830326,0.03937723697746581
ck_a99e0c258ad7576b,0.00929536408605948
ck_0a7ba51d626e932a,0.025225089269686016
ck_852c50bbba1ead13,0.1827183746828466
ck_43dc13b6b6d31297,0.12276363323103512
ck_7d81b59d615a6649,0.07208758449676983
ck_39a3f1da060e88bf,0.047272463475839126
ck_6fb2d142c09ed3ed,0.04558812804810464
ck_6e5752b87324b58c,0.0067607441731830495
ck_9441d48a12e8a4bf,0.3812682758669894
ck_09e9c51eb538b255,0.0042155648626360604
ck_8d0cd981ed3a183a,0.02357931667543051
ck_57c07c45269ca8c0,0.01415482405255177
ck_ccfc9ab888ba933d,0.005477140225640462
ck_9658a6ef471053f0,0.00443193753146671
ck_dac3852758f4ea89,0.002399716639838508
ck_b1ed2278f5f14d82,0.04502247925947342
ck_333544d173524f70,0.11208074946752818
ck_fd4582e3853ef23f,0.04621866089869988
ck_614d936cef98db04,0.002430722910532018
ck_6bc351a3d57aac54,0.06483169486140847
ck_af5842fa7202ff25,0.02197857994768826
ck_81307759252571be,0.014816930364048237
ck_b4d2f02d2cd45720,0.3806348821611038
ck_1bd753a4681946c8,0.9854165250992132
ck_46d8c029d46867b2,0.009200542390680046
ck_b7da6640fa2f49cf,0.1926457262706643
ck_9ea3d5a5a91fef9f,0.18522966265906818
ck_7b922518f667f76a,0.002619173975906251
ck_2a5b31594206eb30,0.7047779736475964
ck_d9506476ad3f9e08,0.029352384344297888
ck_c8791f7ebd4d93c7,0.045527596925795416
ck_b5a3e20fd210017d,0.025486725758666562
ck_8e54386f4fe22cad,0.030742879608368634
ck_75296704f5806f56,0.04879942646653713
ck_0fbbc7a6af300368,0.007445530641379557
ck_d19bf4dc0627113d,0.004355952901606453
ck_7951bd4eb99a0175,0.0020338176291399123
ck_059e4fac6b7f704e,0.012143515265221677
ck_2ce8931af02a2ce3,0.00950083573875171
ck_9e665618a4860306,0.007497510660532895
ck_6fce5a893613fd2c,0.001540437455645912
ck_9e3fbd04e3532f32,0.5845922274795697
ck_55f2ef0de3420e3e,0.16892797420521435
ck_8d87658a6f5d204c,0.6794549790891838
ck_6d6ac1f5dd882aa5,0.0024881819125295392
ck_55d0c7012d7ef236,0.021505237082125372
ck_7738eb085e5753d6,0.015107800366585948
ck_0e6e05c3cc8c8242,0.02919997994575387
ck_8d27ff8383d48132,0.003133559498153773
ck_9afc3bb849f3a64d,0.02484261448328677
ck_27eb86a9898cdfe3,0.004670389660059184
ck_1d40e4fc541abe93,0.17824541044621514
ck_4fd9dc00e1913587,0.9919731307907917
ck_b26cdb2b7b165d2e,0.045871890950993734
ck_a79a27767a02e31f,0.05333205779160328
ck_f0c18cb9f951a71e,0.027591117861892975
ck_50460e0189de6274,0.9802892391562796
ck_5e5280539257c986,0.028922715218146672
ck_eeb854318b3a6f0a,0.013548780972572826
ck_943f66f28dd24750,0.0023656447925431315
ck_984dd7452aee372d,0.23123614811315493
ck_ecaa6de0aca5e9a0,0.008048408410433165
ck_8f1cbc432e2774f8,0.03631051813250372
ck_d91d9f8445b9769a,0.5745407896791956
ck_73c18e03e3c7612e,0.0016216842431927012
ck_aded05ada490da20,0.02280214797929719
ck_f744e208183971f8,0.0015885660328654883
ck_02d4cef6358ad3b7,0.0025866123806669223
ck_08ff5bd467226a5f,0.00183901798637609
ck_f824b326d5089885,0.4189339129797712
ck_3420f2fd520890f3,0.02068324442270506
ck_1838cf8d00f5b1e1,0.01747175695465759
ck_a85182ad90b6f1e1,0.0016416999057996182
ck_fecb39c82c43e76d,0.0034433425716623198
ck_162513e73782929f,0.03721919496447202
ck_2c27b77c59d8f23b,0.3633840814955474
ck_4221e07b17388fd3,0.19495018881626813
ck_adfb8472d5c3d669,0.025039358990616167
ck_0742fe64055d686f,0.00254244867822802
ck_5060aefcc8b6f958,0.036144881191415075
ck_643f549b4ac78a26,0.42758152306060815
ck_dba767885bd6ad69,0.012426992011091348
ck_0dda35c0c64c7073,0.9872707030784067
ck_38ea56d43afa5660,0.03625146422292521
ck_d813e15ac91f487c,0.15848607865677153
ck_4c840e5585a7b167,0.3652820963478712
ck_cb8551453a7bb929,0.003429274558871185
ck_05a00b1dd5a03359,0.010782873020220489
ck_837cc7fd48453a01,0.008419911233450669
ck_49dd816b31fba6b6,0.590302381367355
ck_86a61d9a39768e87,0.014012006513504816
ck_cd0e76f0e7bb38cc,0.023394176850503517
ck_dbe58392635133ca,0.03403372255489131
ck_3caec7dd6f8d02c9,0.021831067431312644
ck_bfd9bfc5b6ab4a54,0.09768754273934972
ck_2103399bdb2898a6,0.018528495617244494
ck_329f7de7279e74c5,0.010657202312409103
ck_9bf0d28119fc42c8,0.017820138490979465
ck_f781539b1042dc83,0.0067842586587541324
ck_9986c7d781ac6b4e,0.01950964043101859
ck_a627734880aca848,0.0024595876220772418
ck_2106e509d77fdb4a,0.7178098539716435
ck_420d1a9c604293ce,0.024444023358597456
ck_fce0610c527e2b56,0.07996679354061181
ck_073da541ec3f9d3d,0.039223525880877595
ck_aa5f3ab48c17fed8,0.24554880493665068
ck_0fc1086e1c9e04b6,0.005746082803320473
ck_5c33bb46c1a5945b,0.04229304022460006
ck_500948a8d4bd8e13,0.03241358811890091
ck_19becd44f2c3d2b5,0.01528693992539124
ck_7d0fe77dd5ddb656,0.023131449790630945
ck_f158d9e5f101bb35,0.07897136113955984
ck_cdd7c77823c2257f,0.10702124221273744
ck_6c7b41374f9b2e55,0.0077215322817496814
ck_417090dbffb1a63c,0.044254754852857105
ck_dd0e17605f970319,0.03872333520932738
ck_3646515079e6be55,0.028442728312209564
ck_89c8b06aa8c84b2d,0.07783300473410462
ck_e4d6dedd97233c07,0.03781160585010112
ck_bc82fb1895fddde5,0.008573985181734666
ck_88a8b1d442ca3686,0.04334102925747126
ck_5791f8f76a629a4f,0.26969593633722627
ck_9cf5e88e97c8c7ea,0.022890436381991296
ck_58fd684aa5a6f289,0.002141535873250332
ck_9800c21dfbd8e811,0.004977246880138857
ck_8ae64df60ab6ccda,0.02244107760230137
ck_e535fb0f0c00418d,0.08211742062788738
ck_48011996d54855ac,0.45785610708361163
ck_ac79c72a8fe3fdef,0.10378362174830907
ck_b8cc2df5192bc49b,0.059561331129202845
ck_e96a5e1f08f8a867,0.006066379805618222
ck_84df6770549e43fa,0.017407135813209552
ck_e5f7b99ba6ec5767,0.048131473125241055
ck_8347455ab53ff620,0.0058522595967987505
ck_a84f2cdf695a71d6,0.00908296181055434
ck_90456160115f9ef4,0.0038675459333103687
ck_ebd178b3f3a9c50c,0.01820644025180209
ck_e1140be6157bacbe,0.002408164496043518
ck_744ffc11d32b96bc,0.01838401150387471
ck_e12a9f7d027e3387,0.005730003502340742
ck_cbe525da0b69f18a,0.04383452297391847
ck_aa59702537557ff1,0.023045227067413996
ck_0348cc6908f7f3af,0.0019724199629702257
ck_120e995d50956bee,0.09835376140324252
ck_9fcde1ff46cbbea5,0.001986819518199971
ck_54b0b070689c50d6,0.0031363211836762067
ck_966a167758fddfd4,0.04095525497448807
ck_d5194f2e92fd6427,0.019452153745222134
ck_2ee84f3fa27f2cb8,0.010502705714953075
ck_57d0a7eb7eae2eaf,0.04699692023084929
ck_6a2c4edd82e10969,0.003405891054080458
ck_96e4d38ef670eaff,0.06005419568983774
ck_52cc2fd5095b169d,0.04165737559714849
ck_4b088920f3a844c1,0.1767746641337383
ck_8f3ccbd20d59f1f4,0.0038437232982668676
ck_e5e5dc431bed6f9d,0.014252801307850173
ck_e8b5bfa6838e28d1,0.04066925129481504
ck_4bfeb78b47b7c6a1,0.07134247675937543
ck_a705c61bd679496f,0.012177074148758576
ck_731869a0c39cb2fe,0.05872739939222005
ck_259eb102342057ea,0.07289747467960069
ck_47a6005fabc33551,0.002362810714802176
ck_682262b455a9edd4,0.00462262146122814
ck_e839d104854945f0,0.0029762063768913917
ck_761989aa4c47d746,0.01755510466090197
ck_44211dc210139ed3,0.0049440679694684455
ck_9915ceedf63a5289,0.11050384116776553
ck_da59ab47cb6284ad,0.0021563035977094276
ck_e5cdbfcca2456652,0.0072287407356745525
ck_13f2560c6a1ec62f,0.021263282502109584
ck_a0543e9b3abe1001,0.04510280331475829
ck_11c7a58e09e6547b,0.054211159734468134
ck_69587a134d43a4ad,0.10192020039009453
ck_28dc0de0ae291f37,0.04891216789707444
ck_298922703c5bbe05,0.0349080789429925
ck_fa5ba9ed9ed6a343,0.06699593139610714
ck_c08e64d424e56c05,0.06595453235155209
ck_598e036a28262aeb,0.05685494135552502
ck_3f7c870510083a51,0.01725633065661843
ck_364f8203a3e98d36,0.812580941312882
ck_7333cedb61506ead,0.06639541590875979
ck_1d96d7fd65f208b2,0.026986286531294767
ck_63133a79f23e2627,0.06524693722348492
ck_901d820e0b72abae,0.0029769544449924266
ck_5dd80b3c01457bd8,0.036126833788828035
ck_c0b8067c144ed6c1,0.03910084084491478
ck_cebb8aa8c8f62c60,0.002309100633812886
ck_79749eca42ff1f5f,0.016535644835330685
ck_2cc1d9b587f6da31,0.25275484906368134
ck_ccc7916b56d42195,0.005126342700685519
ck_e43e53cc7b8b8e41,0.021162633313621337
ck_4ab74a6e7450416c,0.002733381536007855
ck_6e44024e9de301c6,0.0019274071156004178
ck_dd78cb6ae2866cc6,0.03703990142318898
ck_c363d3b050baf3b8,0.06346091143499602
ck_2d46291975f0dd08,0.005227667012963444
ck_76ebeb5aee42f041,0.15454307120867006
ck_8395f004cf4d4c08,0.011522313486117229
ck_de7259c3741db179,0.03738137724700199
ck_3938e92585df2b34,0.01600679206093163
ck_af69bfcf4f07d932,0.014507987833327603
ck_1723900ab9afe374,0.16913860250168078
ck_3d58628d1c853c8a,0.019349150644575052
ck_12a074db100481cf,0.1218311890538582
ck_8716cbf892c50e29,0.007670840018671954
ck_fbf7351958ad9615,0.03188227880297883
ck_a50370907e6b397c,0.10060781383323264
ck_937402a60df0821c,0.002073269737202831
ck_8ce9c5807acbef48,0.009111454928650271
ck_acf7d65eaaa4c31c,0.0032055634582730304
ck_ec3eb6dd0967cac5,0.061825136013381576
ck_fc832b0c90c9bdb9,0.9270334873592576
ck_8129e81cde280131,0.0067597557293872955
ck_52c0ef68aa2fb8cf,0.027298276088438544
ck_06f042e9b1b662fd,0.03991855924535062
ck_0bf35dcf7b38f650,0.0016897290623532613
ck_615763afc2e17a7f,0.002360597304268539
ck_e72db9d4b2fc9997,0.9800520005429197
ck_13757bf0eeb353e2,0.007143007384948478
ck_abaf371ec8249c4a,0.034334126092316876
ck_9b7167da0920c37b,0.1272216494434062
ck_2e824b0b27494a17,0.05182082593753274
ck_9a0b605e9c3220c4,0.021276182937111435
ck_a5276af466b681de,0.009811489595989325
ck_9e0383e1fb6e214d,0.08532176506994871
ck_6a27c44b691dbfac,0.003366834854410309
ck_af39767cf583905b,0.022939019564703494
ck_243b1b9fdd3f9a74,0.003266871616771318
ck_c0422e638a9c6046,0.05188184457137832
ck_e0f3ea3373dfc4aa,0.018907736387329472
ck_d56ee1654378ffc7,0.011495439427932295
ck_20cd2f5666719baa,0.002941977482250802
ck_4dfa1c1e9b69fcc8,0.012224549744140932
ck_5d22e9ca1d15180b,0.8033137286085926
ck_f4a7ac178fd55f0e,0.004550093624250311
ck_fd5609bd23a1eaf8,0.010731080539568194
ck_49c3bf13dc9471ce,0.08096552059379604
ck_724085c3452d4693,0.559807768906306
ck_e5d1462846154a75,0.09629499943785136
ck_c69ef0f3e7d6acf9,0.37341782546137764
ck_a2d0417791d4132d,0.017260303837812862
ck_00a07fc2a9183c3a,0.0018876982444089227
ck_781b8288e54ba8f8,0.17968060572914343
ck_d74a62ab3804a81b,0.014472501112465291
ck_abcbde211b6267f8,0.036773512134351316
ck_16dbafc035574654,0.007742577255654308
ck_018f780215ecaf38,0.013475901089716988
ck_0b259620eac51618,0.00645935260047755
ck_4f875342394c110f,0.11206516447825561
ck_399e45e5fe9beaee,0.012206348501101373
ck_36224a2d394ebfe4,0.06012691701870989
ck_c189b551bd111332,0.002731892742142552
ck_125c5a720ecb177a,0.08287683975740491
ck_76d010aa02eb477a,0.0015804293319719954
ck_1071d14c46c92379,0.6655110395320786
ck_61d244b2cde483af,0.04045213480518842
ck_2ff1860da2004c84,0.003092366129789278
ck_c5b583490198672d,0.013875906403287045
ck_1294f7af22fade11,0.24048725327756384
ck_e3a22799716df39d,0.005727320623413682
ck_c77e22834ef97005,0.8213519023423048
ck_73d3689728270a2b,0.003905962201012707
ck_295565fbf77ef885,0.0035087180986254087
ck_80c0a7f54ff4895d,0.010981471824542637
ck_f1ef5cf7f10b16c8,0.04939217633611468
ck_a958b2461ffc21a2,0.14909422097829464
ck_0e7899a57cd617d6,0.003807802698964167
ck_9d4fed252718f58a,0.012187404327764025
ck_83c2c34add971d76,0.002765776927051629
ck_9ccc030ba2de9fb2,0.04653287229988203
ck_cd691e3466fb3742,0.0047530049876213865
ck_49df70f908dfd069,0.11756619894572871
ck_362ce13eec1e33a0,0.00283751990631034
ck_2452a30397dfc54c,0.05012386763822921
ck_a443d49c2b4863b0,0.021267436863470632
ck_c8b2e2cb349dd0ff,0.0054761862647680175
ck_354909fecf5da8cf,0.030959254989609743
ck_841f598bbd54c83f,0.07683801922834778
ck_cd6fbd4e8724f994,0.02830581504316634
ck_e0b3158111370118,0.035467624446112664
ck_4c2f2eb657c2c60e,0.0028701111998315093
ck_ef346071f0b7654b,0.009765643560524048
ck_f3bc10e3decefce4,0.002636155814194735
ck_189b6fbe9b9192e7,0.028924553342820195
ck_5245cbc5ff4d4fa6,0.01600238925115525
ck_cb42e3be6fe87f60,0.02367991942663227
ck_966d4d713cbc7792,0.006521440867321739
ck_1c8c969667cbaab2,0.9241867377954547
ck_d35e3aa9ef5d405e,0.4309878518245425
ck_a1c39df50a5873b3,0.06730480581019553
ck_a152165caf295b51,0.01802769786084871
ck_891eaedae139828e,0.00824061562589459
ck_1a46b56f4734d52e,0.027058354443225994
ck_5e36042cfad96c99,0.20087701755585421
ck_02a8582c2603e675,0.01829847651303423
ck_6def9d0429e4ed4b,0.06716387470780295
ck_e137400825a1e3e6,0.030306080475153558
ck_d91ab840848a54fc,0.0020427987366729698
ck_becb6e1c608e0078,0.003974219055801974
ck_6fd8c86ac719d7eb,0.15553167785024724
ck_3ed4d13f12fd9d0e,0.11974389022288019
ck_007337aa99a4891e,0.0029262072089308246
ck_60c3d8306527a08d,0.0018304982622357815
ck_95458880a54df0b1,0.3547572942240071
ck_b48cd8593533fc1d,0.5867713258545341
ck_021c6a4a7e3f1f0e,0.002997456531486495
ck_764d40f865e710af,0.01574401839700666
ck_4b84357ae8ec7777,0.0490622494508706
ck_3397c7856b4669a5,0.001781097754029727
ck_920bb003b42e6310,0.009137420593828743
ck_8f59f11b512d5b7c,0.11639614835396621
ck_a3acf4b986afa98b,0.04837645595955888
ck_e89d25ed7bdeeaea,0.005361229934427703
ck_70e6bca473bf6902,0.007096152322374704
ck_186161ce152836f5,0.009693549892543764
ck_9191579254663f5d,0.013986448944554681
ck_1e6628879e9d653c,0.009980471032180064
ck_b498fa91a0776ff6,0.013579393324684661
ck_cfc2384f22954830,0.08956981416306692
ck_17673a1c2867888a,0.0017480767498823865
ck_523dce06515b072d,0.01393037852885618
ck_c20638a325ead2e4,0.004659218955650898
ck_d3877e1f907cc148,0.043994905650880184
ck_e9a2495dea8675e2,0.013818707001744738
ck_7e561caa5fa1f3f1,0.11357010313248488
ck_455672e652fe1abc,0.7923312131814485
ck_7f8f864fcc90ca82,0.020125089927304444
ck_1ad36046aaeb816c,0.018266296733658142
ck_de056e37c82e8e00,0.014312591855326094
ck_7484c214c889fe7f,0.06102546616133242
ck_32430e678c4f9f53,0.00748441163271332
ck_6276ece8f80ea799,0.03266282876130817
ck_ae8e5dc4b725bc25,0.01927125731470447
ck_f01be92dc78a2dc7,0.051990767332096094
ck_233397a8bd40d38d,0.015169940329359472
ck_f8124911450fdf31,0.8461006104657264
ck_aa0a3179f1111674,0.00974375807384347
ck_2366b29ed9887a5e,0.002144243475039392
ck_1f22f04dfc08cf27,0.008489756930363013
ck_b62276c3426d680c,0.0239027653259138
ck_d099fca88691f66f,0.042232720789257154
ck_166bd1dcbaf4d6fa,0.006586988143809414
ck_7b1660e942436e12,0.03177162513591519
ck_4a9a791a1d409a3d,0.09568904816877599
ck_b003e5b54df65db4,0.020174292449422957
ck_64b4dcbf436f0b75,0.008899091538549843
ck_26e9a7bb2061a58e,0.10204549529347322
ck_08b77ad5f8f73007,0.0101426707591072
ck_366616a725afc6bd,0.0386263585947415
ck_934fb5064b6eefe2,0.005109138058604863
ck_c6abd5d57b1009d2,0.0032128531858231064
ck_edcfa9e1cf29d813,0.035435614285487506
ck_c30201ebd003fdc7,0.012841065246255978
ck_c54643d94d3ce355,0.022243758958904205
ck_02adda6e91e49650,0.021804849077529952
ck_5b73d7c5255e58a3,0.15956380922649213
ck_129ffae92dc01408,0.0023828326877005936
ck_fa321945ebedb916,0.13910840064381103
ck_8da980cb2e1e2bfb,0.006232308104487601
ck_0576b00d728bdf19,0.0477761255143676
ck_c543d82e22b3c8a5,0.002017753599134553
ck_0027ba644f9ae2cd,0.3943821125458797
ck_8dbf61df902a6bbc,0.0030080389201829955
ck_90eeca1cda79fd41,0.0031802475000547695
ck_86d7127391d4e01f,0.0018537019905123214
ck_73762038c7ff2f6f,0.0034279287911486455
ck_a1484e6215fac651,0.5230997548805293
ck_cb83b9f806e90dc6,0.13231803089155628
ck_8c6f059c95872126,0.002348076853420054
ck_3174419a81e7caf2,0.006937221926424129
ck_6a0f8f8fa4a3c2bc,0.02975705699581432
ck_b5777605668bfca1,0.0016748409157820918
ck_27e4de495abb4d15,0.005042546529331151
ck_7f6fa79c7a107161,0.01968462976087348
ck_c36ed9f8e6792ea4,0.05005292835406936
ck_67a1aa88d2ea554a,0.09850050389576441
ck_09748dfe4df3d540,0.0015638929425038433
ck_27fd85b1e38b675a,0.0019636826375564816
ck_2369689bd795ee10,0.008447524903794865
ck_4eb1c12f7d092bac,0.004529696412396387
ck_01fbafc42c8e33f5,0.024813494600066807
ck_93c4e05699b3b7d0,0.006360439622366047
ck_afc484d1b6907983,0.005278328827960459
ck_1b2d9cae92a1aab1,0.12696666711899854
ck_73b729cb161487f2,0.009752957907064798
ck_fe3c1d0ac090d960,0.42515432543261955
ck_408efac1d3885ff8,0.06619343303102308
ck_ccb4dd9d0a48a76e,0.005695511461845908
ck_2987eab34ca7805d,0.02952688917771092
ck_1dbf1f15193197db,0.0822793791017457
ck_4ed711fe4053e74d,0.12780132615451087
ck_6c54adce174f45f4,0.004753951990414612
ck_a6c740041faf0bd5,0.013313787685214962
ck_b05c4d33c4f43639,0.0995229233571992
ck_032880f1114dd51c,0.054345210636505305
ck_22311b037456a76e,0.0021990190244267137
ck_5866b413549765bf,0.007094909475711363
ck_0e808afe2570ecac,0.015138463352929126
ck_634276b05f4381f8,0.018699309621831597
ck_5d8773badd0d4740,0.027571095746323226
ck_82b5b79ce3517102,0.9132967122436105
ck_b378b8d8100ee4b1,0.027214555757496223
ck_54e581f71be5430d,0.002001065714847642
ck_798ba4b8aa544fea,0.006525582971570416
ck_3fe86b6331ff95e3,0.21587960219853494
ck_81275d9d4c559e6f,0.009966606595182547
ck_99a4e5ef02d89493,0.016141446508050508
ck_54e2eb018d947790,0.007484267217201292
ck_966901ea9c77cc02,0.011262699332677364
ck_27d69ff4e0cb428c,0.1664295013504767
ck_2cee2dd7bbfc09a0,0.8943669144603198
ck_4136b00924695ab4,0.0013862051254780866
ck_59a164c40c03a45f,0.005961837350962309
ck_3e24b026bc66789b,0.0038675310015175786
ck_8105bcf69a75ee47,0.01064972141196179
ck_7a1782cefe26a456,0.1441705387862681
ck_970c7dc195161272,0.0029706297251567058
ck_a48ec0c00ae20e82,0.04808453367580603
ck_54b374ade34e1dc1,0.0052876895073909235
ck_74e5dec189761d14,0.005944515387782027
ck_4717f24f2c6f40e1,0.04958556275314444
ck_fc8cd8a8209e802d,0.013549701160482744
ck_71db4131d7efe218,0.0039129567372400064
ck_45424ea6f0bc4650,0.13279561570124102
ck_3716c6181a5035bc,0.02720943782827645
ck_26de14b96bdad4f6,0.017779293017816153
ck_99c0a41ac9c73857,0.017816268640695045
ck_645f15bbbcff3b4f,0.9756143714275666
ck_b7e25ddd41514d4c,0.0019049177033406202
ck_d5c14e877ca7b755,0.003287558374893508
ck_05ea4440dac6cfad,0.03616758559688336
ck_c58bafff7b1955cc,0.0439643652929246
ck_f0cf85b67a9b840f,0.05964411552560949
ck_ce1500a7f0d03fba,0.010794643602606352
ck_d4972a775aadbbc8,0.016980264425643918
ck_3eb6146c262e0fc3,0.0015400784478591034
ck_afb23858a4ef42ed,0.9697864620174533
ck_2c1def5c91c52a5b,0.1946933122098461
ck_72e550559487b919,0.012270490721285242
ck_0284dc2b4f856b3a,0.4604494122511907
ck_03be334935e999a2,0.004062738993934418
ck_e35a4b4a3cb4cedf,0.00860348788923665
ck_5abe57dfff4b735c,0.007990158823420383
ck_f5f87f772388efa0,0.03272870279273402
ck_5a22cb36d612236e,0.026647807112150246
ck_8ff1e6028e764472,0.9211740274287846
ck_2ab28149b0986642,0.05055220244293668
ck_c88fc1bac79fa6d3,0.07141806301078817
ck_5b137d74bba6b1b4,0.002945405572136983
ck_11f362dca2dfaf5a,0.026538481520555896
ck_7f960541e5174565,0.005784670015157774
ck_d5458ba39ae94498,0.04383579793781036
ck_0a921a73a90c2e39,0.04529533049906237
ck_6ad56ef40086dbe4,0.00898983418516576
ck_b68199ecccf2350c,0.0017411192146789152
ck_6dac66c8198c07d8,0.01938102921758729
ck_9b9ce7bebc235fe8,0.0030227833666094475
ck_6b817117d87063a8,0.025458172711021954
ck_900d62b3184378c7,0.0032059811121281736
ck_eafe9b89857149b5,0.007524119170774644
ck_e74716a525ee5b24,0.002458012665319521
ck_4e9a6f06ab134102,0.03063234795165616
ck_b0d33b5a3716661d,0.01001626554157225
ck_8703543bf3134306,0.021750963020059726
ck_923d6a0f83accef1,0.012441249170106009
ck_52e37e2170532e2a,0.23975386482701366
ck_c1c5ea839c58958a,0.03075096993844793
ck_660f0006780e87e7,0.005666576914758271
ck_830b2c5d1818ac07,0.027500977231872736
ck_b080ff636932d1f1,0.002012872850236812
ck_38730aace405f2ae,0.9939893140603632
ck_9790138467a06223,0.0018477554978533837
ck_10de0b0d86b17839,0.0029907769758203934
ck_c3e37a4d3382c32e,0.0027231059629998495
ck_dd8edfefa1eba531,0.0033516651241630446
ck_8153cdadd300d234,0.002844766725381948
ck_74d0e7c2c6b63d36,0.9056148891489699
ck_c478aae3031bb328,0.0030980763915175263
ck_cf301f2194975866,0.01086143771971842
ck_f4de03f44e3a5bd5,0.0034286993473838603
ck_b06ce826e593b210,0.04571900838085402
ck_2fc70b6baf6a0e26,0.004770791721232616
ck_d208494cf5c90047,0.055826226608309805
ck_086d29ccae565e5d,0.006607750318149472
ck_d5ef6dc116dee408,0.019404844338199796
ck_fdf0c5b722d83464,0.017302756807298425
ck_de8494b13adeffb5,0.0027386094636722464
ck_556786868599143b,0.01753188723960317
ck_4940e78cbdcfecf3,0.02501752019829755
ck_d32fbbfe32c00416,0.016013655591725157
ck_bc7710f7e9fae649,0.025251189266106703
ck_416f7ac57da081a3,0.030675399780122986
ck_6fb39b60c67d5475,0.005928125613744013
ck_e40a156511345d6a,0.0019501727749161146
ck_49ab879b5aa7fccd,0.10676946406854086
ck_bb643194d1cbc47c,0.9913974979653039
ck_b3ce8f1bcedfa043,0.019694073071491496
ck_558ebde8c29132a4,0.021640056481495914
ck_e6222925762273b8,0.16499419275150387
ck_bd80546b4807dd59,0.006046740678088487
ck_bd21164bd2bbb635,0.02441964650996996
ck_ea835557d7043667,0.009397047263441103
ck_1411a80a157ff39c,0.035439178575705756
ck_ab973888c20c9120,0.14279088432516854
ck_95b48972061abe82,0.006469645272406704
ck_fc4a43f8876bf10f,0.8606099567423459
ck_f34fb7ccf82f41e5,0.018183851509359274
ck_5af9934a56801ac0,0.02233856386088226
ck_fc7445ec76389a58,0.5789979962722981
ck_1eeacc26f02fbba4,0.06110282263873388
ck_4f325dd15c9bd45c,0.022235966125046972
ck_5009a6c8bbaf15ba,0.03276226515395802
ck_0f3de7f074bb33af,0.003760766902446734
ck_2cbc2f93a32eede8,0.08513947441401122
ck_4bb90a61c21a303b,0.019996654577227272
ck_3ade9eac7d7b0dbf,0.09443940189769884
ck_4859a58629622915,0.009342391129555433
ck_5fed957287ebca03,0.00902940733235903
ck_ec01ae5351500355,0.023069776225999563
ck_703b41624ae6a5b6,0.010320343931114737
ck_97c38e7f61c27e47,0.038585983154430445
ck_db2c0908150cb2cc,0.026768532173200604
ck_64ac5e6fed86ab60,0.9123499237462607
ck_da1c853b0a061e83,0.05974184401791475
ck_9a36916b60178ded,0.8648101857116447
ck_3715bfa7fed2c675,0.004402402077428198
ck_dd3feb77d7d4f6d3,0.02161495857084308
ck_982ebb24174a4ade,0.013721799384828542
ck_f6b7a10d47dd9a1f,0.010195368564462076
ck_1f56fe99f250cdf4,0.05840657508312266
ck_deb3ac0606d6f6db,0.012612608525861858
ck_e666629e5a41b39b,0.026541259837085048
ck_756d2c13d02b3e09,0.024011491380491648
ck_7bc752ae7cf5d55f,0.02928225487172548
ck_fc0cc4b25e6a8194,0.010744222877202803
ck_9b2b0e286de78a1b,0.023810673795293488
ck_24b0803447211bf3,0.025686386054624408
ck_82eed68d05a42128,0.06617745320735924
ck_c8a03c516ed5b05c,0.18575948243734175
ck_e914974cee1bccb1,0.00609745413495328
ck_0c533ff2d0f9962a,0.033567579349122176
ck_c12805fa5d970a83,0.050409494188027724
ck_fc2cb29918631f10,0.2059477960567643
ck_c20e89afe575549b,0.0020022555850487266
ck_e1ff9e31becc27ae,0.19949769347950616
ck_18116d0ac08f1996,0.9397706087867337
ck_885a83975cea5e64,0.005104159270947022
ck_a0c3059a959ba5d1,0.047059436997548644
ck_75257ca7d7da2861,0.05102847610766544
ck_2210f7a0d13bdbef,0.09174383820799008
ck_9cbd9ecf8374f65f,0.02215126126463024
ck_18f67c00ba21fbde,0.010635262381080339
ck_2d28f14d3973d8fb,0.0019035931503651436
ck_8b3401b44aaae728,0.012026733060187327
ck_9d8e9ef37797d3af,0.7920669433642314
ck_9f50920c894f64e1,0.0077959694665537945
ck_4737e0d56c6fa0a1,0.02044534046366882
ck_52c311f29ca3aca9,0.0021789208707855318
ck_6a4981bc721df37a,0.021818958513751388
ck_823539d936c55fc6,0.013315647095719514
ck_df5aedb4118020bf,0.9390689286824178
ck_a911a066ff0f7b56,0.15847344636625668
ck_684609767df4a14b,0.09769850847147564
ck_f2350bf355dc919e,0.021385823215465245
ck_8452b6cf97c65a5e,0.016425879675456587
ck_084cd84501012218,0.8425016528766592
ck_ace6b72e5bf3e93b,0.3419910387004925
ck_2afdd69094c955c5,0.04292157850973211
ck_fa7d5be26bf7b31c,0.12932995707693212
ck_4b041217690fca2f,0.048916211367385255
ck_9fb8e3d38cdf276d,0.9355287453499255
ck_c1ee56d65a42f59f,0.014178355311917365
ck_fdeaa1cd085691f0,0.05999037227299991
ck_5de33a7a87e9aa62,0.03470090479309512
ck_7476e7fe1ff45545,0.04192284004573118
ck_b0a947b498e47018,0.01193797846118431
ck_e3894ed88a7977e4,0.00485458615908189
ck_c7e07ebfb0bc15f6,0.05621683794587026
ck_3a3daa8b376f2a18,0.002749863958712531
ck_87809324c2675b0a,0.03906119516541586
ck_7eb4f33260f1dcd4,0.04307427546235481
ck_ab9f0e08af030060,0.026435698453436487
ck_5b8fc4a76f340797,0.05373450360957204
ck_0e7bf10ef49aa818,0.060965151690342924
ck_a44462a3853ac67e,0.9693155562004715
ck_2d14bcd2e0fc043d,0.004005921418352334
ck_df1f2dba802296be,0.8708095545031616
ck_466a7316eaf149b1,0.012942584444704775
ck_50df50af592b0c06,0.01834415967260924
ck_5f9e34c849704b95,0.0018324811572851777
ck_7836bf6def26aa87,0.005605559752226642
ck_ba175b1bd8efaabf,0.014640675803395382
ck_1a0aac7f7b94b1be,0.28143481694333833
ck_6768c4b2aa8ce586,0.041707670964122555
ck_eefcf0ed15897898,0.026942104246250584
ck_7a6cb27e390b6ceb,0.023226595141896383
ck_5275be4e1577c1c7,0.0023502406476065304
ck_6bc0e5b8c0b7d2bd,0.029969031713003868
ck_4874bdec79f9106c,0.03457906320235234
ck_a678731156ad7bd2,0.23818641571120433
ck_db906debc36a5d1e,0.027926043718457014
ck_e87897767c612942,0.04110388369854943
ck_45ed5ee496ef8a67,0.01722039157607572
ck_ae20e28f9854f3ee,0.08367116876508168
ck_9ee044b73943a90b,0.014398144880179398
ck_dab34cf6f0626c9b,0.05941474887800798
ck_64a02b7b96149810,0.0036653424313690315
ck_c417d06f3e94685d,0.005676045029580789
ck_3e0149cdee4cb294,0.03527302897286124
ck_0e6046fc30f81705,0.019677255920777154
ck_c383aeabd53e9c89,0.015623694883681613
ck_2ef76f1f36e8b869,0.6247522279394966
ck_43948784650bb9ac,0.01441248491172864
ck_bdb966f43ac350ee,0.07460319777243801
ck_5bea0e0ee0b094cd,0.040851290284575105
ck_dff090f03ca5529e,0.004753284222072656
ck_a4691b57f837d88e,0.01920682400508783
ck_99ee90946395d74d,0.6585461525349036
ck_cc81dbc83a8879fd,0.00922302712350193
ck_f3dc0725621b3a35,0.004270125876421795
ck_1bb212d1288b9689,0.0908443868490737
ck_9e7278fc7679f002,0.05569505623437274
ck_3ded7a8720d7e311,0.009497772118483442
ck_798157bcdb9453e1,0.0032977535926796892
ck_9fba80f56f357fe1,0.01570004639453429
ck_f1e1c8491f16f912,0.00922776587671519
ck_7b1319a5ca2f63c6,0.9839631690169436
ck_124432fd5c92af7e,0.8089210152157067
ck_148cb0c723284dc0,0.013938392618031517
ck_b56c62c950eda009,0.007139976534351504
ck_a0498755cd8d7188,0.0017974084993957731
ck_5379452a9d74efae,0.003955339765584847
ck_6c2453229d608183,0.13935565122873858
ck_f9d8b4813a88c1e6,0.016296155511772537
ck_c2c7d1e45a521857,0.05757778717318973
ck_4364a83a11743888,0.01586496220113728
ck_2cdf5fd97ba75e06,0.08736430143523514
ck_71bc01291e0533a0,0.008307430519691112
ck_a725d7aed2a0bdc2,0.0025037117368869794
ck_a9b0c4dbd7db6a91,0.043595382672756415
ck_a4258806a533efa9,0.019696790768945382
ck_905e460591d9a278,0.12625329105181524
ck_20de8abfd8960ee3,0.02550692626271019
ck_252b0a0f1119b220,0.0018481759321626592
ck_95e4bef65c36af1a,0.0017188179108552238
ck_5ab68b434ad53fea,0.008544853081841537
ck_13677a1957078827,0.0019794732741319153
ck_d251e9fa09e542dd,0.9933469617154295
ck_700cb620f300dd47,0.013861610692958742
ck_39a68c55a1bd3ace,0.1980974897532443
ck_61a59a7944d6c53e,0.2693241626652334
ck_db6d1c6d31da967a,0.0021403963505029953
ck_650020c500b1b50d,0.013222753020266412
ck_d812eb6930192793,0.0076096347548714185
ck_92f6ebc11ebca89b,0.11293042149216515
ck_d87e26eb5bc84b01,0.005239055772068597
ck_66439e697695224c,0.004917226642771033
ck_f21efd504faa654c,0.0022493516853664083
ck_15eed0f5652f0352,0.021337113281748837
ck_bcdbf57d98dc0d27,0.04997744969951246
ck_873ceb8004d3a9f7,0.06712774993596865
ck_70bef9ddd4bab005,0.01848220340657598
ck_7560f1891d66f294,0.003944295281449924
ck_f439f16f8693883f,0.03795619203659815
ck_14f9535e53f9c7a6,0.03167068327664392
ck_5984be472d2bc267,0.4162132213380129
ck_ed01be7504dc4187,0.08209005076700644
ck_dc3d8b5c17b67ae9,0.005961413257783438
ck_9dc23031b6b494af,0.12335361397066968
ck_fbdac0221bc03f66,0.028667697281658272
ck_863708a99b92ef0d,0.02888795938901756
ck_22b52654776a1ea8,0.8090914693948861
ck_a0714f98001efa0c,0.01348919553820089
ck_9c56114f84e9a541,0.026140382359759812
ck_e155cf506b2fb699,0.0068101439637759
ck_65ed7e72f24731e7,0.00598656263920288
ck_822d6e8e43befc72,0.9362367907970864
ck_b1182471d9ac6b26,0.00349378843592895
ck_821446adc95e6da5,0.008255807064999439
ck_ff182f033134dbb8,0.034251856759133455
ck_9c5feef7647b0588,0.029198120575375436
ck_df935d8bdd44883e,0.012178510339239708
ck_01eb24c18ad11fca,0.25017154566353955
ck_00d6730134a1eb51,0.007746531106733251
ck_79ba8e85678d0224,0.008369392688912807
ck_97e3b04a1350f6e4,0.06369786806637029
ck_74e9747954a46eaa,0.014919173037066006
ck_397d5fcc9972f909,0.1798082091693214
ck_9ede89e8a43c3f53,0.08163827814809758
ck_303b33910d67f306,0.002859573373046736
ck_3c17841636f6f7dc,0.00982334905630132
ck_78730527f8ba1438,0.1709801837613727
ck_5ee32bc6bb5d1d4c,0.3870691413104021
ck_a13fee8cd925d0dc,0.029040622955661472
ck_6f847263379f2e43,0.05807879446490816
ck_9b9d9e579e7b55b2,0.11524112139097152
ck_87c1d0a79e79c84b,0.012204678352809549
ck_bfc453eabb472f91,0.015122293042134945
ck_978c21bb5fe3171e,0.02052875518041242
ck_dd882323474431d4,0.02874922210519167
ck_533c4f7400d5ab22,0.4298571381164938
ck_5f217bfe28954e75,0.9634281559389463
ck_ae96d35465b3b4bd,0.038569922468745355
ck_512ebe97c0af94dd,0.2214052127953614
ck_f558fe02bb0219b8,0.015228690403187283
ck_84092e23d5ef4d51,0.13701271741310067
ck_17d3022ca12eacd7,0.011990939176568452
ck_8a8f81bf3558fd9c,0.003844183108089238
ck_0ada6fed1864e7c4,0.11007607417678439
ck_21fe7bc59dcd78fb,0.019562197240874924
ck_e136e20c1c74fe38,0.012090469161341169
ck_e7a530e09d113dd7,0.6525580181243917
ck_7cb0c9ded4d63027,0.07457401138738011
ck_102db9615e722c9e,0.07046720988681222
ck_129e39ddfde92eeb,0.0028012628681816833
ck_d730ff21bfd7769d,0.018722837293474365
ck_54459b45d2be8459,0.007235639750992365
ck_7f1c20319eb60aa6,0.994121735443664
ck_939fede90473e412,0.011411448646416406
ck_e0f9506a6d5f4a1a,0.0036174545043658104
ck_9a4967cdf49265cd,0.4033347496082118
ck_b9eaf03453ac7d5f,0.006619470284440745
ck_522477be6376b450,0.0170989922069431
ck_9b6282e3bad50710,0.015061743429462688
ck_a0e3a2facd508e49,0.09066149672557326
ck_97ffae702f7c3d08,0.003379845109285119
ck_344a95cb7115ec67,0.007271621947469375
ck_1f2760764afa45e8,0.0017409657326383145
ck_720cd658d11ea428,0.03976898097406211
ck_04e32ee9834c088d,0.8446567145701279
ck_2bb1389e5e72c8f4,0.03545214688295142
ck_961e7dbc217cfbbc,0.011911105044194398
ck_f3bce4eccfa6d6bb,0.016815818006419337
ck_e0ccfa0d689339be,0.014040503451865199
ck_98217aeafa0bfefd,0.059019266173988984
ck_a02aeec1914c158a,0.06325812407777905
ck_20a17e8f206a14c8,0.07560941362722232
ck_114c32aad4b6183f,0.06288942771819275
ck_79f5198f0decef20,0.0026752029746315658
ck_2209de229b4c71c5,0.015371070633803644
ck_6ee939b7f396975f,0.013999438278935142
ck_202f0c14b07ace01,0.06054589099309702
ck_fa24db9d416ab904,0.020988995918935705
ck_cf6aa24b92c4d33c,0.5300451984167087
ck_45f57fb8194cefc8,0.01614039344420638
ck_d5eb179dc45394c6,0.0223962160268511
ck_efb24be983342f75,0.03241230713264911
ck_245f5d62ead5ef28,0.030913776320227276
ck_15fe2a47fa7e92ea,0.0032831870327052746
ck_b6527a85fd682554,0.08076834936255815
ck_11f9390a11ce9ff5,0.020256317804340496
ck_ffb4d892c5158201,0.002244460944522061
ck_d4c1da5a1427fd6a,0.1154437796501762
ck_2c041b1efb1c5063,0.006850972272897961
ck_ecc18f40b33be769,0.18793198854693352
ck_0525349f3945375b,0.05232988849073808
ck_0bfe62e0c7eab9c9,0.022184531708147975
ck_b7c37d410b1646c2,0.01776803265771334
ck_4b15b0746318cf42,0.2633185774019637
ck_e5ee006ecd8ff661,0.09507683193772061
ck_ccc83cf66365357b,0.09003001752764102
ck_34a33ffe8339f66d,0.9847490596494902
ck_4e39e3b165edab58,0.8447318421733053
ck_1a71f8081ae00190,0.9172138320487341
ck_ed8f1200fc049c40,0.9128301993326134
ck_8a5a57858e8c77f3,0.10881558956780861
ck_fff9fdc2adf5100b,0.9587644694378402
ck_c76f1bf40f3b787b,0.002525232329679555
ck_1a6ddfeef82b1b1a,0.008554153745392848
ck_478d2667aa9896d9,0.006690990690320615
ck_641c8e7694b21f3b,0.004326595884674884
ck_293581d879f6663b,0.8659772976762192
ck_1bfa8abdb22be8f0,0.03840228994830595
ck_05ab5b03d0bf9ce4,0.4684269989094132
ck_35694db37f0cde7a,0.0031627393418809054
ck_fe33eb743d714c03,0.03593077682441275
ck_abd10fbcbaf2b038,0.00527021282530996
ck_46d51648c1bf80e5,0.21393757013431314
ck_5c8390017fabfaef,0.10689040928562654
ck_87d55ca333f22072,0.0013827479797316716
ck_c39c6a1453e2b92c,0.0027320406920436184
ck_69ff1b0aa143a168,0.0021171688800761556
ck_e57c79eaab35ded7,0.0034459685178102177
ck_463ae759e2b6ad1d,0.023757865321354096
ck_0dae4a7eb587f3ba,0.04684985080474772
ck_9b12fb56529ebc4e,0.019822908911631392
ck_1af547077ba2dd03,0.28324335643917137
ck_de13de941bebc7cf,0.0016774030555742096
ck_83dde7da2bf647ac,0.0019622296544959087
ck_c80a94d4660041fe,0.07603886255092757
ck_f39cfeb277ef6528,0.00267905128329649
ck_1cec1ed1512a2d3d,0.0035261359598486304
ck_7955a359b6448799,0.0075916989818536175
ck_8c0955dad13c3ca1,0.006943607324045013
ck_6d4cd2de601a2308,0.047169870267782875
ck_f4536ba8dd2d551d,0.014865144271743902
ck_b379c198d6db2d62,0.026355030039117006
ck_76ea90ebc74bcdc7,0.047473746448481624
ck_734f06bd4aa92781,0.03115835021443419
ck_677e1d0c14cbf569,0.005687660805822673
ck_259271c70f3fbcbe,0.07645577477967369
ck_c0b744eb9e7d4eb7,0.05008075648615181
ck_3d41faeb96802f68,0.006626465435196703
ck_8f604fa70fc3c8e3,0.02311932189680729
ck_0b3c3bea0e0ed339,0.014404358559332536
ck_be5df076b8a86409,0.0038183220202839523
ck_6a475fe324d7d790,0.026341656629997368
ck_3ba3fa5387bacee8,0.0019899059833785823
ck_324b9939d9c1c31e,0.021338192623135122
ck_a7fcf7b592f68ca1,0.12218441340455173
ck_5b2728f7cca414ae,0.0015293301884624477
ck_5f4a25ffd0b85a47,0.02136247455332389
ck_63d4f5076fe4406e,0.013684212191959255
ck_af528d66c86f0cb8,0.09541927689305774
ck_ac7cdb9b8da7b5dd,0.019743802157845092
ck_3bece63711407e25,0.03359799608620399
ck_d4e0b2a12fcfc35e,0.006806489010244426
ck_ee3e7c9d3a9c74b4,0.08121902979242383
ck_50d7c4dab837bf66,0.016945128134634824
ck_ebcb93a2990fc914,0.07224287222779578
ck_2329cc9702cdf7a0,0.06662390091939191
ck_db1fa53d588bf99e,0.016545341230668944
ck_44e57a0bad5a0745,0.028923211574749735
ck_472c81a144f4631b,0.0031683545179033525
ck_1658429acd5306ba,0.01854355462011394
ck_466103ec5bd9444b,0.027541955926405032
ck_9757163e25262b74,0.04849602619541372
ck_34ed59bc2c9b0186,0.02255947895477328
ck_b7bd3a7f263f4f29,0.06238132008330096
ck_149662b09d632e41,0.01659457772702422
ck_a9ffd6b3957bd41e,0.0025250390727526934
ck_ab80466ef615e85c,0.0016622428246989508
ck_f2c824d3473db24c,0.009981048648457143
ck_a4a01fd45936b078,0.04500609961938266
ck_8f6ce158c2902877,0.003200131172466839
ck_5189a302cfa7cefd,0.0017867266356859622
ck_430a3d03be588201,0.002499891780385778
ck_b5f9dd00914b4db4,0.005182709327127066
ck_52dec82e9cf6135a,0.0030160799813458232
ck_95e444a01e2ab4a5,0.013233105770803682
ck_e37cee7b123692af,0.05072739669930678
ck_d68d42858a55adff,0.06029762005603284
ck_3abfc010091d679d,0.03241222143620263
ck_cee4e4e1b62bf82f,0.026738505640580324
ck_9ccb17c35e636c5e,0.0031332319096594153
ck_f72a5a3b0d6c1177,0.004365898533049114
ck_7508aa554fae6afb,0.28156485908912626
ck_003aa842b7ca1d77,0.6531045530530651
ck_83b2b192f41ee2bc,0.13987677397562437
ck_64796b6b2c3c7f06,0.05482426962504872
ck_6438ae81d43cb196,0.016912211776430767
ck_2bd73d9098504760,0.08342676541984856
ck_aa8b9b36a099e4c8,0.03527856195762243
ck_e5ece47d0dd10526,0.020979850187507403
ck_16077ac345472e6a,0.012914597898128469
ck_a4d6e152b0076964,0.012353429880254443
ck_d90b1d03ae151f62,0.03306371019041591
ck_18b36d342b530af4,0.030067188979489273
ck_2a01e610348b84f8,0.048915102454370495
ck_0a93ed76bf36c8b6,0.011025154824795496
ck_3d56b477fe2370b6,0.07112956013591597
ck_17ab3068fa303682,0.0025014933458965653
ck_592a3520d841d11b,0.11623609310162951
ck_84d07028b5fca2f6,0.037508403593426005
ck_f4a2bb10afa85743,0.007495780891375953
ck_4fe4b072f03f2c1e,0.004297435738356943
ck_9ad08fcc183ea1e7,0.0027955850828587717
ck_130d3848b9dcdb05,0.012143411215851422
ck_bb399ed6bf28c230,0.02788202329988573
ck_a31a64a39a2c4941,0.006279121662540163
ck_c49f25dfb39909cf,0.020093385661740282
ck_55f50a9ae2db8ff7,0.024515820777113197
ck_09faa4e771cf876b,0.0032868087599867385
ck_df520a7a6e405889,0.06619596320455903
ck_8c8c98cc694ac900,0.03542662363123716
ck_7f0c4f609673ef62,0.04658079141891016
ck_f51fe59cd445d2cb,0.01753261705209262
ck_b3fb83f0d772a831,0.022753101448950683
ck_d6e7e257751c299b,0.004285419517249318
ck_0d362ddb4a1cb6d4,0.006248261888891399
ck_a574a08edaf81781,0.012507678057908922
ck_a823f5bcb0e4b9df,0.009139024999609701
ck_f792586ad0381eac,0.04240809468207398
ck_54bfd70022c66983,0.0054796874998892025
ck_fe0a9372c9372de9,0.004604518976157511
ck_5691cd6fdb6d8147,0.02296999961833444
ck_a95f212a02433d23,0.03411050504904287
ck_f5adad75e1c06731,0.04631301746412075
ck_e09c97520eb0533c,0.008051094044838452
ck_a1e13c0d58560340,0.0026451911845189954
ck_cacc2ca410cbe80b,0.04345794216336369
ck_c0dde2a6ef1e08c5,0.003186108465288721
ck_a04403073c90ce38,0.0019681129007003344
ck_03d3026107175dae,0.04436686944884266
ck_50176dae5b1b716d,0.008115333414379144
ck_6c084bfcb38e96c3,0.06857584061704423
ck_36d2be9012f7909e,0.06014769607591016
ck_958acf84c6137a22,0.06516417533316406
ck_114722e12db90a73,0.007448415115077908
ck_203c2a22c0c165ac,0.029653943261894532
ck_2c44ca550e5cfa82,0.047409483306297524
ck_df0a8f20ab8f14f4,0.033305831963839704
ck_826a27ff7555192e,0.02647388652225641
ck_09a988ebcf062297,0.06587495169459426
ck_5c82444b3b9160ae,0.028499314056980782
ck_f6a4a7ed27fe76fc,0.13611423522983532
ck_17de46314b5c6a92,0.017343806406366787
ck_335e63101b1e6c4c,0.26130943210220925
ck_c5eefc0697451de9,0.07799205723790163
ck_49a0efb5d4067b6f,0.21686698717370959
ck_c1f4509c8f5dac5c,0.005875406825795311
ck_57658eda1c59bc52,0.005027699937763153
ck_0d5c0736ec76385a,0.0017237681721770798
ck_e0239e6ae30795a7,0.062242240888866186
ck_e4459115cd8e5e4f,0.01008201722679136
ck_bb4aec09d4968dda,0.1564820882803766
ck_a1b4c96faed3e0db,0.05374015469826296
ck_8247b79ac67aae7d,0.03924796163957556
ck_fe2fc7d6e5d83f09,0.008584398434855868
ck_f6aea576cde8d592,0.001887374308583055
ck_b7e7f7d0cd886412,0.09497735852652178
ck_ca7b993e8286af7f,0.3642189170504153
ck_47de038381a9cd65,0.034525637256116626
ck_d38f941d09eec820,0.026503184507883942
ck_d9ba2a6c0d926b4d,0.0028710892629687807
ck_cda72f597330d0f3,0.0034260041346293817
ck_16d2d27fadeeacf7,0.010476195420132473
ck_be05447853d423a9,0.004757992884417538
ck_cd92852d7376a4a8,0.0017315828674995444
ck_2faf7ecccc9fec58,0.001486664035058396
ck_db8733fd92f20cd7,0.006607685207007671
ck_a9989a3a94c26634,0.026058258193337177
ck_957fb25437c75e41,0.05533031917211547
ck_e6a6caf6e7de17c2,0.00953348350385838
ck_f7bc569b37e8bdda,0.03570272492016458
ck_703b375dd86a6124,0.028603824021342584
ck_d3cfb3603f2c6ca3,0.04806203253172015
ck_07cb2b6f2a4303e1,0.0524596079596927
ck_31631e2028d4f855,0.019627015774390057
ck_1631bab0ba1256db,0.029351369687442282
ck_5fdafeaec036f016,0.024179402949437157
ck_6eda4c36aecad602,0.004180951626127407
ck_bd1bf9e3e29de281,0.08624557713978324
ck_bf378ea558a4125f,0.6850863236352285
ck_7aa2deeda0e57412,0.9801700585976825
ck_d229cf7f5a3f38ca,0.0213926831019271
ck_9e109edd124492a5,0.002386779164654454
ck_779491819995625d,0.8997548737793816
ck_b89c6fa2ad0a12f5,0.02455940410313298
ck_1d01b4a609918c4e,0.9059414738123044
ck_714c5d7cb17bc9f2,0.01738878579813202
ck_269f1746f2609ed4,0.007178023434306854
ck_4be03a2aa62b93c7,0.0019868085748158608
ck_cf920313f6dd28fa,0.023921711633071496
ck_fb00aae4e17740c5,0.006661133673523834
ck_085d8c42739e2b10,0.9940943748303677
ck_c72a7d0d03cf3e17,0.08091211533372952
ck_8f6ca5d3b17eac6e,0.0024738129259397174
ck_d9573100bbff4014,0.20807132436506384
ck_79d6793d1d0cf43c,0.003330871408816252
ck_91fa5032f7aff0f1,0.3089559238905794
ck_87110d84872c0fed,0.048681598263514085
ck_8220da627e9992a5,0.004060314924445539
ck_2ae44938847f3852,0.015934533190639796
ck_b0f191e44f9b6f35,0.08372331439944014
ck_3049d744b527f4d0,0.029984835029060058
ck_47d3e8d1dd3fbcef,0.011227118925941783
ck_ddf787359d2b5deb,0.0018066954896511318
ck_b27a9e39726b26d9,0.002779668498094153
ck_80c4e9274cf976b6,0.9930647135614281
ck_c6afa913168ce8fa,0.007401448782816164
ck_52427b3f8478db19,0.017413908009668345
ck_3b810f15ca0eaa55,0.012020014614825663
ck_0c9e420f97baaa06,0.8892214705335978
ck_f8540cf3a8b2f8c9,0.1330051049641709
ck_1402d24dd623df72,0.01387504951370438
ck_eb4f4267e24d042c,0.0030045225135975303
ck_6f661b428d6fb8e4,0.06846090867920808
ck_519a26ecf3d29c90,0.001830308391312101
ck_e886ba71d4a6fd73,0.022668668484751006
ck_437f9ecd2016a1a8,0.009496645172969154
ck_f01af1b0c977cc06,0.020053808707414373
ck_614f777c2eb5d537,0.0027736559917034605
ck_b804e784cde9af8b,0.015834009583429565
ck_c2dccbc1b24b137b,0.0573118342184499
ck_1df4a1781a0f6999,0.046133408169757785
ck_bd2cdd53fca26171,0.015107550040958975
ck_424c254249a109f0,0.027795791878290912
ck_cf2ca4f286e289ba,0.10178772648557512
ck_6c33cb15b0d8af54,0.018723708285316536
ck_311d395fa9b8550a,0.022365655172562796
ck_9f792e7e721ff7f1,0.0024925175071621075
ck_4c37586080edb7fd,0.002403354331799551
ck_7c4f42c5397113b0,0.003778651320766427
ck_fc418f53ce4aa579,0.9326443275040766
ck_1ba28fb7ef726ce2,0.01578040879016646
ck_d932f98bf6b83956,0.07109290438192754
ck_248b3659a9239240,0.030087289072079675
ck_6a92cf5f4cf5de38,0.044672125247638604
ck_65519d0fb137e0c5,0.004020476144954443
ck_ddc3fc99eaba2064,0.03439038969594393
ck_7310cda3bc65a73f,0.009757753357626821
ck_c01c85bd631d4054,0.00826781660364887
ck_b4954d16b9749829,0.008413587753354585
ck_f301f6758e170d66,0.035448652481637345
ck_9bf95f8c47e7c7b4,0.02194801313602052
ck_c91b7fccf6aeb4a5,0.05319831742374397
ck_785fa45e86bc5e95,0.01865230026714976
ck_2a65f1cc23f1180e,0.0027376893850709137
ck_a49a2c1f881a3560,0.006090137495224533
ck_def344d68f06d749,0.02203914635247603
ck_abbd1465fc730d78,0.0037434359214558906
ck_07a5610ed28162fb,0.017154639827074075
ck_7ecdee2d7127be8b,0.02130413822827358
ck_67858bc00e81490d,0.0024889005192590204
ck_b4ad165ace910222,0.010667912631044918
ck_30753ffe481a1b8c,0.7517577003950077
ck_c401a26725b17177,0.0018818138660328008
ck_819988d8a7f26415,0.007112456339208731
ck_3364a1d9261b3638,0.009599492773338762
ck_c484c5bda389bf20,0.0039446618532386684
ck_ae416325fef92c9d,0.9462051167029802
ck_5517b9a865960542,0.00875978572958258
ck_a0e96fed380440b2,0.013624902214481057
ck_e83409471d2b0b44,0.021690176328559022
ck_127273af97d7827d,0.012162817068321867
ck_aaa9861c91bd14dd,0.0300589117631971
ck_a378c58294001a36,0.9191251663906476
ck_abb9d65ff1f95b64,0.20090140490899777
ck_a5ecbefa849ae569,0.0331650769997637
ck_aa9953c0ca2bed7b,0.0019019843070061356
ck_40bc6de252865f32,0.007042545621523056
ck_9fb11688dcfe1513,0.024618954401556523
ck_ba68841ca2ba073d,0.02168143927303197
ck_1d3e561a7d20be0a,0.984184086237037
ck_99a92d710a29c1d0,0.00371844420908507
ck_ede2e887697ffac0,0.0026392018349764685
ck_e6de67c0d82a7b83,0.03258440004880146
ck_6b38763bf5ddbcef,0.017229947301233263
ck_8dd44eead7d765a5,0.021658167140306453
ck_30bf5b0056eea9e9,0.5163189777663062
ck_2981d16f8a51a8ed,0.09041972626300382
ck_fc60f42c68c7024f,0.041461140389548144
ck_8e2b2251ee224aa4,0.017030886518835765
ck_1906f0dfaf6e9bad,0.8728725283037803
ck_dcbe6814fc4ca0b4,0.04141188050422889
ck_f7e958a286ae3b57,0.007157200587828143
ck_713649668a7ca824,0.02419334448544483
ck_6f73cdbf9305e2ea,0.045463391344994795
ck_dd1c490050cd9051,0.02530810490320309
ck_e30db36e376606f7,0.2413406837138291
ck_740d8fe8028b5a2e,0.003805537523496176
ck_ebbc9418cd41f692,0.0019724954887720297
ck_7b3cc6cc3f250f39,0.055234742362817925
ck_1d30eef7110809e5,0.7089522381451951
ck_77e0589ab339ca66,0.008490686916165646
ck_15ccbf8ff7d14086,0.011492194939867549
ck_246989b0c288664f,0.04425650940627301
ck_fc2a6e27b10b10e9,0.00275652612361882
ck_8afc1112c12f5402,0.019768448777048347
ck_a76e8d83b9141364,0.036113296464981154
ck_51d3e8dd7465c015,0.005482444689127932
ck_e7b4016909405981,0.002939586567708898
ck_e7a3cfb9bf908e80,0.030550431670026537
ck_2bb49dc2388cdc1e,0.0021319256448356807
ck_94f4266ee7871345,0.01701619367732175
ck_b2c896beec146477,0.012183502791267037
ck_fcf5d4a4748cdd53,0.007975554595345205
ck_fd0483639811f62e,0.33727141454400056
ck_9a21d183524734aa,0.14091558432279047
ck_1df4b46c0a4c317d,0.013774567296881986
ck_638df9e8a22dfe0b,0.006654764570581256
ck_65acc43a6dc3e65d,0.0032290231126835436
ck_7c67b73196e3d0d9,0.01799106436874431
ck_b0ee3a98175b462d,0.0024612731835923067
ck_20fad010969f1abf,0.0017043255211021508
ck_54b087bd873af8b8,0.01360836784096577
ck_8007824431fa803b,0.003474308004413005
ck_23aab322810b9fec,0.024412337597253895
ck_c8001bdb9aafc8a6,0.008592990216916832
ck_3a34c3ac83cf84b3,0.002408901723485265
ck_60187ac2c473a662,0.9810078206207008
ck_6a0ccd7357979f0f,0.05378420605636672
ck_27f20337bef5ffe0,0.05451080696081217
ck_f9fc468915afe49c,0.028339422972588235
ck_1eabc15a94bd9009,0.03144031381325116
ck_26896c494b2768ef,0.029167625195445673
ck_348c874eaf0354f4,0.021976224548847373
ck_be9c46acd216b45d,0.06113849228971455
ck_a3cce46d15cc20a2,0.1377098303855412
ck_70804f60d9704128,0.04384745416601329
ck_a019151ca8e7527a,0.0371845896227817
ck_571133b2aa8ead51,0.03638316128432813
ck_0afa4449f20d5196,0.005776399533516308
ck_4d503c41cf4e5034,0.018839756014146707
ck_d6fb9cc5171e3e9b,0.8324315512550573
ck_05ed92a7c3e10e5d,0.026329807560963675
ck_bfb067986660afe3,0.09865835652781968
ck_c1a31690c8573226,0.023443055490908752
ck_cb88ef3dc1f42225,0.002725066734306121
ck_21e3b3bd998745e5,0.05929681593639485
ck_cf52e46fa54e4540,0.0016161297721261636
ck_b72c7ac4208052ab,0.021892037031201277
ck_e6465c56b337e6c2,0.03715731934596198
ck_5f87eb05d18186c0,0.06728553604620675
ck_263f6c5ff26b5e98,0.003398190996710714
ck_e0b7e2c0bbe228d9,0.005076766574622621
ck_b657ae3c146cb7bd,0.0035203957674038743
ck_abac514d8167ea58,0.057096026235811205
ck_024dcab126876002,0.02710346322112857
ck_5d8481e2b38bd99d,0.02188002280483915
ck_edf229c17d25dac1,0.32288186417380466
ck_6cb7c97b72d6b5d3,0.021388884223896204
ck_c96ae2c28086a059,0.1487395598281039
ck_2f241b97c0f8389e,0.03188835049576408
ck_9158bdbb63ee8987,0.014892068674913966
ck_e7b40b60786c1530,0.01262621339974831
ck_66d38518f68e6194,0.002126434965715011
ck_8c9b57ad2a991416,0.0034066080351701465
ck_cc91bd7152d3e9ba,0.017655023333097476
ck_0d846660c7957a88,0.004960332519055274
ck_60896cdac2212bea,0.05282654467806556
ck_dc4db8b932df49de,0.34762526716830994
ck_2dc31db181150e20,0.009819079156717649
ck_2f138fce1171e277,0.009248242632610553
ck_68b8b859a6ef505b,0.019460764488444953
ck_c3fe0c6c5e1f40f6,0.0035620473875351555
ck_15886fe84866de92,0.020883810620133905
ck_ea269b35406473e8,0.004044923659640046
ck_3ce7cad1f69b71d6,0.015592783426119097
ck_054ed4288ee58d6e,0.05825376670782354
ck_3d4913a86f207fee,0.04041444524241586
ck_23ff85f9d2355e8d,0.03626183924377301
ck_d87ab3261322216a,0.004223853412094629
ck_fac046ce336fe39d,0.013814696014170869
ck_beb97e498e6cf8e8,0.11081353163312335
ck_1f517e0ebf397b51,0.0077068194192638625
ck_0af57ebaa45877a1,0.004198123990834771
ck_f99bc1732ce5e999,0.051723117742233725
ck_abb056a9deab275a,0.021702399147177722
ck_0bfc394c5faa65cb,0.03900475696823805
ck_ddc865af1dd5670e,0.01928941421432805
ck_68b5542459638b56,0.07284217301712692
ck_0b1d84252c0b46c2,0.00741243076747226
ck_520ec32c4f253604,0.06885328300226225
ck_79ffcfee599d77c7,0.013824136261284883
ck_eb224c0fd146253f,0.05822031314539413
ck_0e477084434da450,0.05304339390504276
ck_07840bba5570785b,0.02201909281884572
ck_6b67fe8e310ab865,0.039059674073730684
ck_e2a1068c2fa22525,0.022454456440944275
ck_b9c6b32f6bd92a3c,0.005152181625227165
ck_c1e7d1021ae58f00,0.0016300878018337215
ck_5d7801201749ffde,0.029595890398233543
ck_c8806749e263f70b,0.0019665923068154564
ck_c9eeab826781dc91,0.030066045801873293
ck_309a432c160a17b3,0.012730662992581123
ck_b22e3337b8e3dbb2,0.016717990852420487
ck_79c30169c71b8033,0.9778841855704279
ck_5a6593d954085775,0.0035543049455718616
ck_70b9b79ea1aacba8,0.02184948631476133
ck_63743141ffa11f45,0.023810793239232336
ck_dfd3dbd0d97a642b,0.006831572269248691
ck_635646a661f05b4a,0.07474354848399628
ck_4b123d6931b6d0d7,0.09851915460689127
ck_f2b0e7a47f442557,0.9244288718921408
ck_1b1df006b81d38ba,0.01641210800945185
ck_360237c1bd30f4bd,0.005589699270549937
ck_5e84bca0e362da20,0.02686629593523249
ck_142dba210ed2f3b5,0.10050419330657044
ck_a3564236069e3524,0.2517944544185232
ck_cf36d8b070ded782,0.020622237212219934
ck_ddd6625c5eddad70,0.0024704595425816354
ck_ad54292a0b2f44ef,0.02114804550018032
ck_45cd5ef6b359e9b4,0.024230973442900382
ck_982c2392238b7be3,0.3196187566985287
ck_083e4ac78685c3bb,0.017449233326379834
ck_729cc0b46cc2e546,0.6005563232633335
ck_f2b8995fe5402759,0.009334140121579041
ck_73e24f5a8da289b3,0.056544400496868076
ck_bd85f30c36f5998d,0.03122737556853003
ck_ee4ff3aeadf912c1,0.00235168978414247
ck_63d2978706e193d2,0.03669316722763281
ck_6a0684436a1e66c3,0.4864237486868366
ck_182dc4a2f5a366da,0.0020558558767994513
ck_e6fecb82fc2a82de,0.01566535805048407
ck_cfb06f07394dfe64,0.0014709502140548621
ck_7bbe1dc8add17ef0,0.01497784809403447
ck_5cacad76e02c8e3d,0.9630682550594916
ck_ca68dec0c7df5a12,0.008347807241564436
ck_e4c0fc52c82065d3,0.009846915612354913
ck_f9197b070416f443,0.008801397048326498
ck_2a07c7021b71cf65,0.030157074033505787
ck_4fa85cebf707de2c,0.0021774638995235487
ck_0063d2a9507467e5,0.00988515031456409
ck_ec986285fff05b7d,0.00433850509425297
ck_279d43303708109b,0.014383192661434225
ck_a406bf11e48cf8c5,0.07279574935064338
ck_064b2aa3f0bfdb6e,0.020214154914562896
ck_95790440bc4bd2d0,0.02268239538306561
ck_70066eea13b4c34f,0.020436009937145602
ck_19468fe07e26f992,0.9406389527163291
ck_86bfe328e0a533b9,0.8621984902553956
ck_ace3b96c977a7560,0.04190794921711555
ck_642344e5c652d8df,0.024936470535161445
ck_074be35c951ae10a,0.025786362875979785
ck_f14dce41036486a3,0.9903149147869564
ck_5cf67a3a747e684d,0.04444427077479297
ck_f7285b92648c1c81,0.0030872958810863227
ck_bef3193f124fca5c,0.3473787679965357
ck_05c4dcbb45de1f8d,0.0025672953518375754
ck_d7c28eaa05bb7144,0.038438500139609255
ck_320df984791a1b99,0.006970917098546096
ck_f45bad1606fa00a7,0.01213071854591121
ck_6f81c199e986d9fc,0.01618587602837369
ck_d0c9633fed57c344,0.029386034297768787
ck_a3c25d6cc7478068,0.024959075967024614
ck_4185506d12cf9fa0,0.002125700458456363
ck_7a02ee1bfba7353b,0.04374468841191592
ck_1b52590757c0fbeb,0.02101302876167865
ck_a0e5656e1cf9cbf5,0.009482989669158337
ck_ace21f6daef94f6e,0.007671336823243923
ck_646d8d0834782d6a,0.3600574309270153
ck_1f136a4476b5e775,0.015901543726675432
ck_325c7643cce02da3,0.04186344630916109
ck_9b5e7fe28208f5d1,0.011254418991337473
ck_05d81b1a150f31c5,0.0032232820492470817
ck_0e9ec486bff403c5,0.03807214449837595
ck_ee13c091bc379188,0.03226654381037004
ck_f7a7f8f5903617c5,0.011418188814332332
ck_96c3a3517153390e,0.04568844191957499
ck_538dad7f096458ad,0.010969425790944419
ck_8758fc6622bbb7df,0.06874098890438031
ck_f7e53af3c91fec64,0.031903675205708644
ck_80b50fad7f255e1d,0.002157111759317851
ck_9645e7adc08631b5,0.033338912034423664
ck_e007aedbf37d6ec7,0.017818106468612423
ck_2951d76c41de2569,0.08175406826233826
ck_9439bff87e616d4a,0.007536128506443011
ck_a73045e96af0e4fe,0.018439630320373036
ck_7b382e533e2e925a,0.04790875274986318
ck_730226c2d216cacc,0.004982296100508319
ck_bdf837d761a7cec2,0.3632006430000025
ck_0b34197335ba3341,0.04402541853636096
ck_49170c4b31a20f5c,0.002229701808710246
ck_cd553ba6589d8bfd,0.015686530174645847
ck_56b992c6f136fa5e,0.04984085767196017
ck_8beae3d7328fa41a,0.07591976351091662
ck_1a065ea906ae3d6a,0.005549057292431901
ck_e9e3381d5e0e5051,0.0036591852939001843
ck_a6d4f998dadc90c2,0.9550911281186275
ck_d36733da917115a6,0.06412367144012142
ck_e738e920bbd74a7d,0.01920316463803466
ck_af65eb885a51048d,0.0021126414356747556
ck_73f4eb09af29b1c0,0.034669223443236995
ck_8fc641b1750a2542,0.0636302856799326
ck_41b954c7a948c060,0.002149534553014603
ck_25fc3010e8a0f6d7,0.0032727083411803856
ck_a2624e0387974e0e,0.046347530396658954
ck_5cb9d7b2329d5ab6,0.06301613032588695
ck_6c83aa1d100a7cd8,0.09382572817976076
ck_67025c64588abd1e,0.002716317737123187
ck_f5dde68f6f0468e1,0.003406116334182259
ck_46bfb2cfc29a6d2e,0.004380761792412007
ck_49dddb894d33f6db,0.08998695964843405
ck_f738b633b8862d18,0.002928132655613627
ck_3d6c3c00d854f5a4,0.184249466540278
ck_cdb8061d8d1a6c5f,0.0033257142064875753
ck_5e1b81848718bdc3,0.030843820885108158
ck_8def763034187436,0.01079035323998461
ck_8f8e4fb9c6190272,0.017894195923700673
ck_368b968b5f33431e,0.002343842356565716
ck_ba7e347251ea399b,0.05309617619078943
ck_9075432001a64e75,0.02418260699853472
ck_73c5371635aca173,0.9089039920268677
ck_81793387b38047cc,0.00998804451491152
ck_0cf220816e320ac5,0.0060642824306447
ck_820219bb9c761b52,0.609264210691475
ck_70a932ab39d86a24,0.001923828736197026
ck_2c4be237a7ed79c7,0.0029409681133974516
ck_acc764b49ef02826,0.7933596064211672
ck_74c3c3452e4e7cce,0.004583298964706533
ck_34dfb57e5bf31d2f,0.026732529022635138
ck_6ec39903f765956d,0.06011330502884832
ck_5986119e7d81e831,0.05983957456860922
ck_2ddfc948b8eac752,0.5571136426974806
ck_921ff5ceaf40a968,0.0399464416858276
ck_fb3b68b4424b5f92,0.04455982445450701
ck_c3db1b3ad4f16679,0.019286413678415285
ck_124a197be41687f5,0.018012811017620072
ck_c58d9151834f5bad,0.014604536205705813
ck_389607982eb6b701,0.5771098458445713
ck_fb0c138c003e933a,0.002070412904162587
ck_50d0bb7edd8c69c0,0.1324718149768344
ck_c6cb651149dc9a8a,0.002752081440573784
ck_81e21354e477eceb,0.05196018872834035
ck_7696e38b3e4197b0,0.010423825448978416
ck_586001d3ed9e7fbc,0.004112253979742755
ck_bba413492dc46f2a,0.011995385358397281
ck_95b894380ad2702a,0.020025490878464156
ck_277621473369614f,0.9940498910680459
ck_a50621b5eeca84b4,0.001806442052988651
ck_bfa7ba218b988cde,0.02825367190408436
ck_5ea89567dfe78e4b,0.03942170464998306
ck_6c679602a6476ab2,0.006652338296475921
ck_d3885e286b3b11d2,0.07232386993881261
ck_cdcf6671b37c9c92,0.02331964935655711
ck_b5c93e6d34f8d366,0.005350133068832013
ck_c24f61925dc158d5,0.3939155255772439
ck_cd09375e6c81d2c4,0.011980172108753887
ck_a95afc7a00303a26,0.01059946295574602
ck_8e89ca8b39f3f8ad,0.0037299424977762902
ck_9a84b396aada3fa8,0.07114557516677683
ck_5124a2e415384945,0.19113728242744465
ck_d66bb1f063357f99,0.004169751644545065
ck_0fd9312411b0ac55,0.036536177655403894
ck_ad8cbe6e27e47ede,0.0525106281991665
ck_8398adeaf41f9cae,0.025521899853930972
ck_dcf851e7bb5855d0,0.003082009103337932
ck_9affb0f26776b642,0.003766675482409266
ck_f0424b3b36bdbef0,0.08829582575821164
ck_66746d1090d6d9e9,0.0026290475305168893
ck_e5f8c8a5824db594,0.03457333812455792
ck_3e91dcc209431984,0.1544668637269568
ck_126a82e8d42e5ce6,0.0038181954567928582
ck_38e4a74ab256e2eb,0.015004152598604303
ck_1225a97fc413a419,0.14480921517031428
ck_9b5ec0f78e160e65,0.00312119267639561
ck_7c5529bcc079600b,0.03579723691279166
ck_29640fc2fe81c251,0.6795491695389848
ck_160e9ba0a3f7c1fd,0.002486468434364096
ck_bff090cb4ab76b9f,0.003529322854498782
ck_aa06ed358e43db69,0.07990620046765283
ck_7264486eb512d84a,0.003258522594284094
ck_f5a32e6160b28379,0.007272588802987596
ck_4ba8bec14c2217e1,0.013227189690048711
ck_610815786d729d2f,0.007957731998240306
ck_e267999226b6321b,0.0015136669527750768
ck_f3996a3c8eea1ea0,0.0241990998001482
ck_e9b75ed7567a3f23,0.0428507503049464
ck_d21612d48bb4f7b8,0.016243291587087608
ck_1f871df76c6a995b,0.10607482428792282
ck_953bd5de48ccd70f,0.8156702652507732
ck_02a9104419a6dbaf,0.007132888876187173
ck_1eeeee651e05d535,0.11589656437994704
ck_e2ab04136a442a98,0.006476212461173852
ck_f0d806624ef3d359,0.026420525650504886
ck_4b68b38c1b3326a3,0.011790125065493469
ck_74e60495f8861156,0.018702067323554433
ck_398f3f4cf05c721b,0.0025100921018462595
ck_f761b7650a0c1a85,0.02510091215662251
ck_7dadef33f5e2d94f,0.9668161797068787
ck_6ff6883633b8c7ba,0.0020214373859618194
ck_4d2159603045109e,0.01728060108541758
ck_a38bd07a5fac5c9a,0.002595976324013339
ck_f517f06551e69507,0.00421795284809033
ck_a7ea00a1760ad561,0.9915693446427384
ck_31fc51d5a3dfe16a,0.020771954119679567
ck_bac5233623b25ca4,0.012515629498170963
ck_385188ab27784fe3,0.09379421390098759
ck_9947a323bab5cacd,0.26964112065283935
ck_7973edc9f22ee7b6,0.049891150647519394
ck_f97c477986043755,0.0028297587682918506
ck_1a3fd2cc4b4de196,0.016631968006809043
ck_e18ac29ea62cb435,0.033211400744488605
ck_9720a472a3e0140c,0.00811884627070908
ck_668c7fc7d7e47c0e,0.06470524866476916
ck_214af0806470ef48,0.014453335603044166
ck_a46c1773f01f0be7,0.049131683207624906
ck_f2bdcfb4203ffdee,0.04453235903119198
ck_40e84e6ffe788a4c,0.03421623915737144
ck_dfc6f5712d8d6678,0.15959634854104723
ck_01ef1036b2e66a4b,0.00415546374146736
ck_3acfec10eec32f9c,0.017557551352277073
ck_084a85145c15ed77,0.006589926771460772
ck_fcdb4fe2f095fba1,0.2012667510714735
ck_023908db0a193076,0.1558211370494649
ck_fec0ff92fd622253,0.020474051312968596
ck_c009c97d5fafbced,0.17317133334948967
ck_eb9f0c06ee017ee5,0.02818707911326034
ck_d7792b429620fc24,0.008958580704612659
ck_5e9e149a3b69c726,0.0443950131974373
ck_ce927322ef8f651c,0.014662808499246631
ck_b8fd61a8e82bce32,0.9875520349460118
ck_9aafc33fba1474cb,0.005820723546080923
ck_ce81ff9b8b35562f,0.009604049435966426
ck_25bfca1d8eaa152d,0.019728835644581562
ck_170c65860e2a7e23,0.0049617240519835605
ck_952da7ca9f33decb,0.009140514598121818
ck_1ebd574406235957,0.009170157104487256
ck_589109a188adc2c1,0.005188772098934934
ck_f0cbd5383bb07778,0.055969377767943806
ck_242521e261148fba,0.010988369605510534
ck_509cece86a558de4,0.0031463496736711728
ck_0dd7c5925d28755c,0.0043832224088080395
ck_a7e669cf1c3985aa,0.01643382196785236
ck_acb84dc2351eeb76,0.002113451168256798
ck_b837c7dac2a9b931,0.029526061622074645
ck_18eb1f9181f95df4,0.009902056648680968
ck_b0b9047dddb1ec84,0.8986321213153158
ck_43aa136bdb0a2832,0.34902693749993435
ck_3e47f8c56c811700,0.010357104055427753
ck_77c587d24695ea15,0.06064644955913798
ck_20578ac693ea4e93,0.03424625668262851
ck_b9f6040eebd1605f,0.2405671889763521
ck_ca9d86f65cfdf018,0.009389535291263544
ck_a4fa8833995c716a,0.0031328193361224023
ck_f589f1e29301b5fd,0.0422136907354983
ck_961ddb8ff55d868e,0.00335759883636531
ck_5662492a54e6688b,0.02639278493403638
ck_ad48826c1c26eb78,0.6659971636961978
ck_621c9ddde6bf2eca,0.06061209830732874
ck_417a3500b2c717b3,0.042788938064564686
ck_c7e129058beb3ac1,0.039336669243274607
ck_ec1c902b9b9b9c5f,0.23676799915135752
ck_317360ec0a67d27e,0.11661057136489943
ck_3e3ea5d8c4a229dc,0.12004423664386392
ck_d11d27de7bf0b973,0.6313415510598488
ck_d37d56e931105db0,0.004135235502423122
ck_4863077723cd6ce1,0.00228863114613226
ck_479a065d5903e9c3,0.006241118848349621
ck_e66ae4fd586fedea,0.008606643589300184
ck_192bbfd0d5720134,0.003958780128294177
ck_3b436cb29af99f3d,0.01967883188879943
ck_7c7ca54969eed187,0.08249979923991106
ck_826ee896c9f1144d,0.2299293079604646
ck_ba1f6dd43fc8a0b1,0.012484525230188517
ck_49685deb63e4e8f8,0.01576924634178708
ck_687ab5d5554bfa79,0.012820986973049592
ck_41346ccd9242cc8f,0.005572941820586878
ck_8f8e5e2b9dfec3d1,0.04453638415415804
ck_94d5ce61a0c50465,0.011728409292292593
ck_6b954c75aad8c012,0.08829550026131965
ck_748af92828c9d288,0.0038323490623098887
ck_dddd14091ce812c2,0.022006891149628418
ck_723323f6870fab59,0.03423566092908017
ck_dbdf8d0708cc6718,0.004237138808274694
ck_f04938570a154de3,0.009596989116860787
ck_58afa1550b3b5294,0.010713253437208073
ck_3b150afde386ecff,0.03582594300066232
ck_666b95e75d99ec4e,0.7948538596771252
ck_e00332597cf1eb24,0.0712314254495891
ck_9a9e3dac79280d7f,0.10299996315529515
ck_e8d37262e859d9a1,0.04134884596064121
ck_895bb39d24bc1c4c,0.005067300591620437
ck_b367449195e36499,0.02350250085946151
ck_d23f9a50d1135ce1,0.1602523313305991
ck_670dc4910cf476c2,0.0023637282696008983
ck_3ecd8a5ce65e21ca,0.010000069215956432
ck_8584fea2df4c6317,0.09801262951732921
ck_0789ff4562202b20,0.04716957262198331
ck_749e0e50c3907be8,0.006042073202550784
ck_c3ff6790cc6d7e34,0.0032011355298150784
ck_75fb7e56432ee4b2,0.02410416297665031
ck_529fc3170fd11abd,0.1544566368843083
ck_34a69b3b4a681796,0.5346039370980823
ck_255f0e5888ae9e23,0.03523443441524468
ck_65be698386474170,0.004955000504603122
ck_5eec9ed855c26000,0.017512266177234625
ck_5ab39bdc9610f6f3,0.7803420803484821
ck_1b5b75762f033462,0.019135176271879346
ck_d3e208671cf37f91,0.9327549646067744
ck_5068ee554ceff971,0.025111893466600005
ck_d7d50fb57fcb2d0e,0.0041809876108190105
ck_ba6e1115fceaa067,0.08177744186931103
ck_d07bfb16a4a7dac0,0.9397872913622368
ck_ead68310311690c8,0.9021086364550343
ck_ee53ce862bc9c111,0.031402617942770585
ck_97e56e6037024dff,0.0020267782065125674
ck_80b04344c98ec072,0.07106109350089314
ck_5954f45a2ab45f43,0.009117074699737738
ck_18ddf7e836256e3b,0.0457652846584946
ck_89a1a780144d808b,0.031053322469155143
ck_a7331e8b808c39aa,0.0664023884922914
ck_a1fd0ad03ff9b776,0.07595099632885187
ck_c0cf50eef030b401,0.002423640538532817
ck_074f20921189e7d6,0.008791747892420555
ck_e2aa7be60794593d,0.10252412005055069
ck_72771757dfb7f7a8,0.015847127650472956
ck_a9cd84a6dddfe584,0.08691229853499832
ck_142c00f9f8557504,0.05626807620360893
ck_221b5d40358230f4,0.035561387554417206
ck_a2d7a563f520b7ea,0.029374355726766114
ck_66cd34bc568d95e0,0.0387253523280417
ck_a17128972d3e507d,0.017006127077686076
ck_bda299466bb2136e,0.050770582895679865
ck_2b699066665abe8a,0.020353699805652728
ck_0ac9848bd4ba0c14,0.007040184309743468
ck_98d2f9a6ba3a3077,0.6390762423642786
ck_a872df31b28a5f7f,0.18780303681215707
ck_7e73e1d44ce82ed9,0.01868835244322898
ck_1a415416f620d49d,0.004261886552714485
ck_c95c786d2f8b8edc,0.01574718222546136
ck_e45012f22b7f91d5,0.006469593390522326
ck_aa0b083e2a6813eb,0.031313956734876074
ck_4666232ddbf77756,0.0032524016020376175
ck_e08e9c8ec5f23d8b,0.019189708599787487
ck_31d4c0518e5f52c6,0.0037998078989302593
ck_c1ab40638f04cb02,0.026593472870543974
ck_4c1fdd1669c7cf51,0.0012415851543787794
ck_11662cc7940ffc82,0.06023573212173758
ck_2e679af24adedac8,0.004304150989885809
ck_454b9e21b7f25a4c,0.0028040387874885505
ck_355c4f29089731e8,0.9122951693344282
ck_507e40760a24d2d5,0.038944603507738644
ck_0943e0f305078e34,0.962679106861858
ck_abc54ed7111e9ed1,0.002717018016054116
ck_a60fe02fc04407a9,0.09706594322978161
ck_244b897bb4d57c1f,0.029056357054157902
ck_8c84fcde93a04334,0.21891146126417724
ck_9eea37d2de633b27,0.006790494421876612
ck_b2cb9e6610eca967,0.013189214884233108
ck_09aadb4c41b166f1,0.07840220193765433
ck_8d94fbb4828ef326,0.004697046737795291
ck_089e3a07abbe3b8f,0.009910034804970907
ck_dfee9de05e3971cf,0.007551206578712028
ck_6abf8302ce052451,0.20413381886118231
ck_6ffa90143838a4a2,0.0022233413011543564
ck_325caeab5c7a9c3a,0.011263048731444387
ck_1964ee9db929a173,0.8673127499438403
ck_942b95988a6245a6,0.06804459500901355
ck_913ecdeeb8e21a9c,0.01576419707795955
ck_ecf9794349eb4b3b,0.1347297541818182
ck_b6cb8d6ae828eed1,0.06868669549301311
ck_2f82ea66c4f53b33,0.24645015821357066
ck_6e676daa4855b58f,0.1924149606510315
ck_2a37fef48b44e9c8,0.03737210328857515
ck_3bd12d468fdc2450,0.010307625106218141
ck_1a28b6a40a6bd3b4,0.11074225484073735
ck_61b79dec96d15713,0.0030396059327615515
ck_31d5e3daced93d3c,0.013669615634908837
ck_e6c8611c0cf233d7,0.0017310602880181946
ck_f04761b4a937ac3b,0.016376460638931643
ck_38c1c75cf055031b,0.046021873430896414
ck_59a561f3df01441a,0.01748831396121155
ck_04e40f556a5062ef,0.015145281731874703
ck_8409716d174635b6,0.009889457146547926
ck_3019afee83342701,0.03169812435017453
ck_b51a58e7f032c9a8,0.14426506649061763
ck_5043e474f848346d,0.05481668764127833
ck_4388abce33ecd01b,0.10432521749926121
ck_c93def7392f0aff5,0.14419863291641025
ck_72e7b1acc19df820,0.006028507877810841
ck_f253130dc3ca5b3c,0.007690743207340517
ck_eb264d1b180d4b4c,0.058891479883094455
ck_c2504f5a113433ee,0.004434461109819112
ck_c16ab1e4dafb4910,0.4114077910138427
ck_4bc42878fa180991,0.05367281388799817
ck_1c771a7c78f6622c,0.10066810643464252
ck_d523f0e50a2747ad,0.012841314014321877
ck_9060f4e7ab7a1b0c,0.025270295300105872
ck_6b55ec4e87a5e22c,0.2239256172573437
ck_55fc62a5f89a7251,0.027900372391568645
ck_bd2545c62f258231,0.1680017975053327
ck_1ccdc69d0bb712b4,0.018534766819856337
ck_710f867a3bd5898c,0.0030687709002814863
ck_f91d48c40337d375,0.006742161297808302
ck_f76d929541ed41dd,0.04188964170338128
ck_e26a6659c237b650,0.03325692428533399
ck_184983177b73dea5,0.021711852807408064
ck_6d0d081bfa8a0022,0.07469306504387475
ck_2f6e64f638da0f97,0.0026244463573156496
ck_15b93103ccd38609,0.011349823294252858
ck_094d10439b7b4eac,0.004754874693893527
ck_d2ca47180a926ba2,0.035496146862709375
ck_a69ca7b9d70972bb,0.03932163407179066
ck_68914e67343a7d32,0.013065102167369102
ck_8176616132458c0f,0.013594880146712016
ck_eee99af3598311b8,0.18148862707811877
ck_94410eedfca91304,0.07881081281285433
ck_cfb11a0a2325bff5,0.019935577884433536
ck_75217ee144b715f8,0.11891186940762793
ck_d56fc799542299b8,0.00332011796957013
ck_4c352dd3e7c81269,0.023170247281266692
ck_e23e50e02cb3904d,0.12774776195956455
ck_b921af37d500e139,0.01824433001472471
ck_82181b935360dcbc,0.9757241920663301
ck_22a7cf3b99c5e5fd,0.012390448604528094
ck_f67ee7910d532216,0.021122688085780068
ck_5f48762a14a0326f,0.0034070460439205655
ck_1757fcb0e6e3f88e,0.5113921308658319
ck_2c2f080ba185016e,0.03314412195297759
ck_4c25570eb72711b8,0.0032902239297909284
ck_a3be871ca22ac416,0.012518299475316083
ck_ab70961e7c6695b2,0.021768115887435796
ck_a1cdebfc42a52448,0.001530683424230868
ck_f1b80b821a20186d,0.031844614836596036
ck_ae668e4564cd2aa1,0.0036159929494585345
ck_0e2bc3a5afa439d8,0.10220320562174945
ck_3dc378f37d0b74b8,0.01888900699813032
ck_9f9555197480d1cd,0.0026675982674599585
ck_bf4e7d48770a4a8b,0.04747032233781153
ck_614ef655f0685060,0.047996791739931065
ck_04d2ea38ee27770f,0.0018942071630152675
ck_e03a9d8ac94161d5,0.007651786497959191
ck_d4007b5b26d9d854,0.002353733583028793
ck_2dd147ce6d61749f,0.021329671579402704
ck_ff45764ea7d6619f,0.012491705598460778
ck_dbc487cb0a6c18da,0.9573853796501886
ck_791d5392bbd80447,0.011394653539003324
ck_b4068439c413b150,0.016717651743854797
ck_85df7b7de9700aba,0.005325544658341688
ck_001e42551cd06e40,0.005443724385974903
ck_a6c02ae50932cd9d,0.004595007343242395
ck_9fd0be2c018ff5e4,0.003084879523982362
ck_32a495128395fde5,0.003503275963728595
ck_b6f2a2fd232c141b,0.009934557490074401
ck_28dde633692904b0,0.15419676719873557
ck_a1a93c5f375f6021,0.002743211354658059
ck_e3982142336782df,0.02331798077297292
ck_a9812ff3c111ea94,0.0357917932624808
ck_f04062216f95fa00,0.035733796712587924
ck_7c560467daca735f,0.0013001530645414402
ck_76ee10d6e2dba70f,0.2338150680777479
ck_3521243bdac61178,0.010228266910867631
ck_28588fb03b320520,0.03435133456925698
ck_580dcec33ec232b8,0.006943594993936958
ck_7109923fd7dab20a,0.021223072109115556
ck_7c872c99481c1e9e,0.011703623422974244
ck_46f4e1f5026f4d1b,0.0014913236876699038
ck_00d1ebc31ec4653c,0.04473843660040899
ck_aac70764dde15168,0.059191695973970414
ck_648c03f9aa4e45f1,0.01700440872516266
ck_5478eb69ef912785,0.35624088046741414
ck_79b8523137bb2603,0.11143925251387106
ck_795c49f312640019,0.0025563060210357876
ck_89184bf7b7fe41cd,0.3813941371254764
ck_97d4bd922996fa10,0.0036730870093890124
ck_1cef30d08f3a598d,0.0023659145143147798
ck_2f9fd36a4a40a6a8,0.0041483473832208025
ck_40780fc0f8d6f309,0.016347964219972273
ck_9083ca9fec2a7f4c,0.0224243570986327
ck_62081bc35aa59931,0.0037627278156390394
ck_2e1b46c5fc56b863,0.18104060503212105
ck_3d139692c51b604a,0.1660565561782151
ck_b5e54e22e3d6960a,0.006746749149248026
ck_c0c4be3f44311b04,0.008872030469745704
ck_82a8bdd2692c2a5e,0.001713177839310272
ck_bdd2da300b530c5a,0.02510301707489944
ck_ee40498cd97183d3,0.01144036790623295
ck_70b9274473bd6dfe,0.0106381796759185
ck_473d6314ea614b29,0.01642474224815974
ck_7443d6dca8cd1352,0.014195436721012889
ck_3b49768b448b071e,0.025317886435837742
ck_b43f04431c267dea,0.003881249248770653
ck_4424a5223ba2fe00,0.027267464292213665
ck_819bf3e8231f4081,0.06822834122374234
ck_91d417507a8c58cb,0.2500518209746759
ck_e88e86b19cada4aa,0.04473845758804019
ck_59684167f9c6bf4c,0.15061541689626198
ck_d5f5b0dc97b9dc27,0.0034307194066505228
ck_13d1b192bbff8f32,0.018426572423625415
ck_b21d8630387cabce,0.002794700239737817
ck_e4ac22046699b99f,0.017398295204275677
ck_74b848064f2ff45d,0.011754170625928212
ck_166aa980cc87fa77,0.06882663233879661
ck_98e337806104dd88,0.005416683193702847
ck_66eb09be007f0755,0.023955656283848135
ck_3ec9b9d8dd7be11c,0.03552605282781531
ck_8b8b9de339d75d0b,0.023434286101417994
ck_6715139e240007d9,0.00984588057702779
ck_a0255ab46e122d2f,0.002365818602029872
ck_66e81a4190c33510,0.01595248178621558
ck_5d75ea4f5c9080bc,0.33425520210667353
ck_df69858b8a8b3165,0.011978456778659566
ck_e15252ebd7553422,0.0026768181819810453
ck_34d6d74bb3ed11e5,0.0036766579831903593
ck_c2608f78f6851d10,0.7150678941849783
ck_bb99071e8f58c8a4,0.9210454638168099
ck_06010f0df5b7cef8,0.027432486306757126
ck_8c582eb0f6c0148c,0.022578735186115917
ck_0034d010d28aea78,0.021460807418409875
ck_01c1f06692566ca1,0.016011537701301943
ck_4807726e797fb893,0.023681777939429337
ck_edc9668282e3c8cb,0.03466344215817967
ck_5486768475af7bb5,0.897127263047047
ck_3fb9813849e51837,0.010854943354941986
ck_861af5a9a9a6d619,0.0028674842260958074
ck_da39653add0f1109,0.0028024725027475175
ck_74a4244eb1f162e4,0.002497845168447545
ck_9a930faade55b8ea,0.0030418350487291593
ck_fb6e06ca88519dcd,0.016126014427742155
ck_9776cd8263a9f415,0.004379965822170233
ck_b3dd1198ac5aea73,0.02060637480182848
ck_b6675a04df1a4276,0.0039005004875784523
ck_5c7ad6e731b69333,0.37269405288115226
ck_28dc0fdbaec00580,0.2931453060211193
ck_8e7a32f7e3905f4e,0.041029483752974154
ck_8563fed6674afc77,0.02422849338928303
ck_9a2fcccb82da663e,0.03032790651167261
ck_6a519bdac0d94527,0.0024477372258814973
ck_a0dab7aa9c4a39a9,0.0044761232537078545
ck_a3ce05e9e5e32142,0.08864618601944045
ck_7a7e40ee3f97c035,0.2019404659502203
ck_9e9a830785112a73,0.05102356246643706
ck_ab1bb02f6b189304,0.5598920419567012
ck_7b8cb0f90fbdc8c6,0.008256360249684992
ck_b138fc249e659e60,0.022455050807313526
ck_e73caa3771ec5e0f,0.003138326624364553
ck_18a55b06ccccd88b,0.031128541803860932
ck_fdcb1d9265d8fec1,0.06439363587749454
ck_e21a900556b382ad,0.026295074381463487
ck_c6bf67470f526771,0.00964212786447737
ck_b568ba3837afb39a,0.00194136509020894
ck_a2858979dd5645ef,0.004723507634775124
ck_1da9d40837ebaa57,0.030439899087525077
ck_9341c7959543c542,0.0017912880297678245
ck_c8ad86806b9a2369,0.07575825966109127
ck_5c85d93ecfed4b0e,0.0059066394415869415
ck_f07b09879d697b82,0.010061966800762533
ck_fe43da07608b1749,0.01641120963375117
ck_4bca22b5926b9c28,0.006503495408461964
ck_aba573aa942b1d41,0.008839242196822705
ck_57c14e32fa4683bf,0.002933807130517448
ck_891530b489ce402b,0.008641318019145526
ck_5e74fdadb93ff293,0.02899477136969682
ck_14436a409ebcc90f,0.038505466146690176
ck_00013fdfa0bd37dd,0.009165425371067727
ck_7dbe24ba01316775,0.03976421198342021
ck_0e3f80c1553c591b,0.04377707416995119
ck_3edc45db58760d76,0.012367676871196373
ck_29076a13f539187a,0.45960534455268354
ck_b1e81b58b9a545ce,0.10844611746221905
ck_3f8571d4f7420b2a,0.08521101455186612
ck_7dff6abe4bd644dd,0.5542078221884515
ck_2884bab237af16b7,0.009726310008359584
ck_231e6dd1fe708000,0.00922784652421149
ck_33ecaa7b892e73df,0.020508092697587146
ck_b109ec4c63503030,0.0077656269185621294
ck_a7f522382509cef1,0.0038919925553255567
ck_748b3ea941d8b3b9,0.004033654284305837
ck_29f3a1737a2d9634,0.011994643814894958
ck_cee8d42475a0f020,0.07081072229854303
ck_c6b6ebe145a8ffab,0.006938049991433739
ck_21c99e1d6b881894,0.0021759353499118113
ck_5ad798286384484e,0.04252106001903944
ck_b621b6ffcc7f4848,0.001654430475516235
ck_ea819e337233475c,0.0860732566112672
ck_9e3896c2668ce06b,0.037162834120411
ck_501dcf1ead036d2b,0.016130885257960147
ck_8d5eda29a2cffa3c,0.014119978337048348
ck_4d3aa36ff83f1132,0.35897445641091014
ck_8e9faf94e3e6c757,0.0032453804759630545
ck_ce0ec41f96951048,0.039655479114747406
ck_f09165d73ee903b1,0.01324095138459312
ck_a432b1bf1d3b3d5e,0.5395906285378183
ck_ea618f720ff0b4b0,0.0059023835905440865
ck_7584e7bd755cb28a,0.016189959575303167
ck_e14681aad43e1a72,0.07760541627485505
ck_5e18870d8e30e379,0.03436418946362307
ck_ff7c26a62bda8089,0.003696075298526389
ck_cc5a35175d381d5a,0.00582518630294384
ck_3c25029e40aa8a84,0.011069046013999023
ck_771247b5bc16c12a,0.007112757333637958
ck_664b5e02759f985a,0.009272764555153353
ck_692a9e8f504b9762,0.001421748763133032
ck_df8ad2deb0a4ffed,0.10290137415936466
ck_eb48c0bcd12ea654,0.024265624614832528
ck_7c77e597c951cdad,0.03443362202466383
ck_4f75144c6f3b13ad,0.013392721566677387
ck_1bcff399166d7c43,0.01051455577916313
ck_975c2aa3d4a8c51a,0.007303949134185957
ck_bc6f07b06aaa4ce3,0.36498244707305605
ck_80b072b7f3c7e8e5,0.008649950397866327
ck_471e4018a23b4e56,0.01101655542572189
ck_53cddfba570b4a3b,0.015877422914434513
ck_630530e50764f229,0.03918705351228788
ck_dcef7887a4f1e435,0.021852325041284332
ck_2795921a055643f6,0.01825156934795474
ck_7456df89f3792235,0.0031602130725482164
ck_5014a3b07e1f049f,0.41441753580181856
ck_d4ec44760cbe03f4,0.018771720671532523
ck_96810ad39d4cb7b0,0.05620801855749668
ck_3222ea25aa29bfa6,0.002441981433991598
ck_f6c42001b84a10cb,0.1340394560800355
ck_5ac86682385c86b8,0.026320134529049567
ck_4280c33af57eb4f4,0.0017995470176145284
ck_05f79ddd8eefaa56,0.03316247977297928
ck_3a57a13ce032a6fe,0.022232520019344625
ck_a721f0d635fad68a,0.017727980937912145
ck_a3f821bdf408c326,0.02376932941241439
ck_0ada63008be5685a,0.040421652327040876
ck_8c949bdc6e8720fa,0.10383775215702122
ck_c0d2c56f9c722e99,0.9779550754237348
ck_5d2b9e6e087b8dfc,0.99425028370403
ck_5217b55593a332ca,0.2130909303750357
ck_7a7bb9be5a7e48ad,0.07329304775351693
ck_24cd0d779e866287,0.017231033100233786
ck_7367917891a63771,0.06096449620297198
ck_4b31a8862a857e6e,0.947240372900746
ck_81429c4910ca46cd,0.00869952895976349
ck_b35d803568f82d9a,0.02408907695000448
ck_4b00e75c2d2d0522,0.0020976343016070663
ck_77fced07f6dff42b,0.027852035096929555
ck_3c9a06eb07c300e4,0.0024991799910335974
ck_b3867f7f494db64c,0.0027917149713310267
ck_0c45e54897ab34e2,0.033688256558472456
ck_507a6a580ab55c76,0.016101684963036055
ck_291bffc7809f896a,0.00328655594862533
ck_3753cc5b9d02e2fd,0.007384227121971018
ck_4f63d5245b3ac1dd,0.03240785642653441
ck_9dfb2ae78659240a,0.03191827717477469
ck_90f6f5ced708aa75,0.001543376131145229
ck_8b5b5a6b5539e39b,0.9265029507288679
ck_4719112b55d20161,0.026589816074721783
ck_fec888a7108ca52d,0.9841570955718213
ck_4f5d022c99f118b7,0.039900729305696464
ck_e967ff05514b697b,0.039674957900097035
ck_839ce35819bfa4fc,0.0029934376487524748
ck_bdee1221b9addff8,0.01265920085486418
ck_9cde4036d0914427,0.02124202378905404
ck_5ac959cbcc5e98f3,0.0030588100578286914
ck_619842688294dabc,0.008412683369859736
ck_7373d7b04c7799bd,0.025509569428552672
ck_c1dd3feb9a0b6471,0.03761328260397095
ck_0324a4812ec319c6,0.007813300223503315
ck_7f3685aa2933b251,0.12833117645433217
ck_06aee5a62a67a84c,0.28158618284042153
ck_3428910b44b9d08f,0.07717259886600307
ck_c3ba7534cefc1de8,0.015424170600984858
ck_1f1273a67cbad5e5,0.836266185323758
ck_124565a11b2f8bb8,0.00825911506021926
ck_38e46bc861e0165b,0.03351113899828598
ck_c8ad3f01319c065e,0.29418776424771653
ck_3f94a34f5038f7c1,0.9359037623294144
ck_cee56be5a502fbd1,0.27606486269610303
ck_2b90b76cf4d162f9,0.04320678126837404
ck_884b2e463ff1d54f,0.003681782895855492
ck_fab4f2f8531b4827,0.017992652639510946
ck_4fc6256e0e60a926,0.014662066972308029
ck_0a2f8b2f8a5b6f02,0.005501860069269709
ck_9c0deab8a8367c5e,0.0019326387097756707
ck_d3a2a4c011fa2554,0.004409277397339176
ck_4108b4038f762817,0.7586292257678936
ck_4df036e2aa7e1056,0.009934120055053926
ck_ec094eb1cbb3efc5,0.0026195786696110563
ck_09f8f51bfd2492c6,0.01694612428515555
ck_b60fb9a10d6f4489,0.029802193198415188
ck_3638bc3388dbc1bc,0.4428769053502964
ck_7a58e0cc9943c39a,0.006153493132982198
ck_37dab6a0a536ed49,0.0646924502145651
ck_adc576690df5b33b,0.04052196263489837
ck_1383b2b1875000f2,0.025895688630486708
ck_43c1248db37a2eb0,0.008561332102628764
ck_29c11bd68858e923,0.002597061050309886
ck_9401f9e11f65337d,0.03262836988060734
ck_ce5ed372b1a2ed6b,0.05533594108992662
ck_08b4619490e751a8,0.9207259037254927
ck_44b9125526acb05d,0.03287805604280841
ck_ef1a1de20d2124cb,0.030495735948954012
ck_e5e2624b7fc89774,0.03810901163960472
ck_f5100511609b92c0,0.0016231474748883232
ck_64f3bb17101b7c42,0.013599372989387558
ck_ea1e5b5128ecba2c,0.001792679911393095
ck_516163fcf04d5e77,0.03433767792646197
ck_7f9a748110d70005,0.02106203560882082
ck_d263b55f0a681cce,0.06336526602669067
ck_0e962eacf98a813e,0.009349979395639378
ck_0406931800e0e2e6,0.011003779938903599
ck_0e9b982afc88a3a9,0.981017964405039
ck_8bbb625384edebd7,0.0022925965427975695
ck_5eaeb87bf6207406,0.9542107403873116
ck_cc3318839c4b0745,0.014602559834085522
ck_08a0355d1f1890ef,0.03890788020648033
ck_af7ffd1a822460d3,0.6722217947164427
ck_2a09c7aa870edb6b,0.002008845840993349
ck_bc04f51c23290bcc,0.021288533085723205
ck_d3a8333cb389f4c6,0.014546264661427749
ck_88e3dd3039508332,0.029807844967093152
ck_b8c7771de9b57705,0.004249122803449226
ck_585ababa02383b50,0.017029046797863955
ck_e988c108754cee9c,0.007881439265784588
ck_4a691892d9d6cf89,0.018220426685885267
ck_7cdce37d895eefb8,0.009529943309590451
ck_483fb981a1fb4317,0.006316089823873386
ck_c1e5182bd99e0e35,0.08919816926173231
ck_9a1e3ec9a1839939,0.016317974899662895
ck_5c3f13de0dbd5086,0.017971231799985086
ck_f4f6f0caaab70040,0.002207742947722344
ck_791be3378dd7d64c,0.026943882616482395
ck_956dd784525f5886,0.013267826271383643
ck_098167eaf124c279,0.017666834773482187
ck_33ecff7914349ebc,0.01477534662290591
ck_e05d44e46c7174e6,0.014116056366224221
ck_1b2ce474fa6582b4,0.0656011192867967
ck_ab581082e8f72e3d,0.01621933374178525
ck_e63256667aa19070,0.06652515396059992
ck_f568772b6cb3febe,0.03907010497663585
ck_dd89a282375bbab6,0.14187988157852838
ck_a39d0bca345b492d,0.006584803831512905
ck_d12d2924d0f7a64a,0.011859696008747513
ck_6a548da1728b5823,0.9932819762490482
ck_6d64193681d2a94f,0.04487073984626435
ck_ced6b6dcdc7c201a,0.028294056991445753
ck_d1b0699d26282871,0.05743802913218665
ck_58f757e40a9b8877,0.013920681649293859
ck_3272c2c4a37d5220,0.8753739632757612
ck_d94dfde9e03c9d1a,0.046828304673436745
ck_08a6d4903a7fbaca,0.04711503414542879
ck_6c72a36b05fa0f4c,0.03074391020069614
ck_dbb4bd4eda97255d,0.020416269800592562
ck_94b59bbc824b307a,0.011683905528788447
ck_0229a07185f15469,0.015144877260590467
ck_11bf1039f8b3025b,0.01564599950236819
ck_36789ca11459131e,0.06099875575682701
ck_8572c5f5c1447c62,0.028764321052777264
ck_9e75c6641939f4fc,0.04851294703246628
ck_b45e47c39d4dc7bf,0.026399144272509528
ck_02903c48b6cfd65d,0.007840851692009479
ck_b153386f1729de81,0.00395490750939858
ck_36979996f33498f7,0.6280671718913476
ck_3c02d4dbbf6716b6,0.015659268631540536
ck_66c9a19963957531,0.10848967182864867
ck_bae8dae7cfd8baba,0.0021782510427411504
ck_bba0ccc6cd968680,0.034633685418313846
ck_3267fe3aac05c71e,0.004838735774585695
ck_40052cac10562cde,0.03088248590906188
ck_d973444855403e2a,0.02515709272004664
ck_012519bb095ad36b,0.9918837160088567
ck_ad7c256ea10c4a00,0.3328258363985044
ck_70a60e095e9b706f,0.00827637343832698
ck_f2734417c0db4ee3,0.023863390317238137
ck_9cb89cc3178e0172,0.01734972489802099
ck_779cc0f2de4d5488,0.23454556308228022
ck_35f8656bf93e3b3d,0.02328581418714029
ck_bdd8eba728800e29,0.08574014294500909
ck_002cf760d173f0f8,0.009066881032672431
ck_b046067c6ca3831e,0.0053094843227832
ck_a4a42d4bff8af645,0.013775034881547854
ck_bce253d2396681a1,0.025529589921150092
ck_00dafc060c8de32a,0.023343447612079904
ck_968a99e097ee78c9,0.21235394790095916
ck_66949171b387bb93,0.045484123752728055
ck_ad305286702b1958,0.002621044078356503
ck_4732da7e0d2dfc7c,0.01013012414057895
ck_17a95bba77217d85,0.08851456087531472
ck_3e2516a3e35067e0,0.015726790849094476
ck_0b615ed566da1f58,0.04183569837301399
ck_d2b3ce1ebabe9f93,0.038621866562822404
ck_a892252e4e0c2828,0.017425600441302296
ck_cf606fd6ebfdf9bc,0.007275893187215024
ck_718865237134ebe8,0.002226018136888224
ck_878522cb775b904c,0.09781020891962912
ck_9ed53de6ef779ae0,0.001787889628407732
ck_3f16e2cd7e6874cc,0.027231823387377254
ck_3c59df37895ead2d,0.011220646172360073
ck_6821459b626d492c,0.002159538066038091
ck_11c7667920541587,0.01719978021081548
ck_23a016cf6b98d89c,0.16911504901158958
ck_7137eeb394d200f1,0.1618195790673248
ck_9c4886c5c90ddbdc,0.0034310644374565633
ck_1422a7bf7756294d,0.92005426753387
ck_7ebc5fa7f0d3b8f2,0.0420396331838866
ck_fcc2059a8d5c41fa,0.29940250826238873
ck_00ff7389d6a83e29,0.012422591550501641
ck_03129b41457795d2,0.01161356491235299
ck_38ba64efa7c38250,0.041011504521555976
ck_57a6b56b09bff24e,0.008361879468567488
ck_e3b3c5a80a567418,0.002909977982054122
ck_fc40a16adfced018,0.0056613873830965765
ck_9d4b5e6b43bad4d8,0.00370447144618611
ck_61129937ee466b49,0.05471376588547152
ck_74112e47b8629c2a,0.05690203307134046
ck_b4703ee97f94d7fb,0.0021937379278464363
ck_e560f720a988d8a2,0.9231393883541411
ck_708fea345f68037e,0.005129902407384756
ck_25394c1b83e0b803,0.049080957380367475
ck_17ab24fe914ae44b,0.004911166858437443
ck_16c501470d9bb006,0.0073219085556239585
ck_628f449e248c19b7,0.06715711075417803
ck_6d64190623dea714,0.008896452930347494
ck_504a45ee08db72b6,0.010263035350658723
ck_6cbb011e0c70bc7c,0.006438239353492545
ck_b3225a98acd04f83,0.010821604415533828
ck_aa37993f1c17cd1e,0.03477774657467611
ck_558cfe5f77a55a9d,0.008476793868410541
ck_0d0a1a021efea5b6,0.04523352966333719
ck_daf7aea023b7a8f6,0.05092052812266245
ck_d75f25184ece2b51,0.005056959982301961
ck_466d4b5366c50b98,0.003909785255075353
ck_88f27ab479063852,0.07733220825891111
ck_66779098e78c1760,0.001948128991497709
ck_b150fe4efb449b05,0.005615697827878899
ck_9c3aa9f23d01fa1c,0.003517952461750526
ck_6a01c375fc26705a,0.001845512005174448
ck_002eb6552b504ea1,0.022638791379902212
ck_affa5aa0bff9bb0c,0.020287725034724226
ck_027614eeba8b1a4b,0.009833765955912016
ck_67e075c982add719,0.011025891365273226
ck_399b0d510be98bd2,0.01402722083409968
ck_e9b0bca7368555ef,0.006196751508182969
ck_59c29d9c57b4f994,0.01081969903012611
ck_37176850ed68831e,0.012623150907990753
ck_a0db4ccca08030c3,0.948205537979951
ck_aa188e5c25f7f42a,0.05155286549034876
ck_7de6997178207800,0.0017976221169429946
ck_c729d19053387be9,0.07365364852414895
ck_f2d3e3d90608596d,0.8166815884894986
ck_2db3fb565e0211ee,0.006331514333633408
ck_bed8a480e27e911e,0.06039325401039553
ck_d7ad9921a4d25926,0.046742004449772334
ck_2a59f23fc5194699,0.07802389578277143
ck_63601a58a6120d8a,0.03967039302628555
ck_efd7b9e22c6317d6,0.03014104519326573
ck_9ab42875a0f95b43,0.22041724459027398
ck_85cb5033fca7c846,0.04920149801454793
ck_5249b223000915ec,0.05407266830706944
ck_3efb0e9bf25612c7,0.0025041084448220036
ck_678e74532ac19700,0.007780278955847966
ck_a980b296c95153f9,0.02927842961459411
ck_01ac687ce0d696a7,0.019589484541201442
ck_52e1418cf1aa9871,0.00928378615297609
ck_7d28da4f1dab09ee,0.03901652905117667
ck_010d0c2e6c1657fd,0.14552984960665002
ck_b524f7a2e752b9d0,0.009431926148522828
ck_cc447fcc24a0772b,0.5156128349732118
ck_2cb3c99845e572da,0.004937431249700158
ck_604c710141327a81,0.0074073890082874995
ck_8d5fa65717d2e0c6,0.05971840488509245
ck_31199510b40602a1,0.01848830789241865
ck_49e253ea12f4e922,0.0393792834755743
ck_780738e0d71e7e43,0.0023715381727886895
ck_2cd21137a07fdd7d,0.006254877814535316
ck_5e021f2a3b66e256,0.06151711757871626
ck_efbc79246e32c66a,0.02499878156124224
ck_9951bd806c13c7fd,0.07235458749049158
ck_7a52674e2806d8f5,0.05271210661310164
ck_1a319e509f1efa1a,0.0022206696201284627
ck_c920901b9a4ba993,0.9212044526230959
ck_b71279e807d0b3a7,0.013866748859025287
ck_47e1032f490bb018,0.014246107978745634
ck_192579ecdca7ff83,0.02129202765897828
ck_b1496c474c4a3239,0.002225014295597963
ck_5e68ea2c5e893cf0,0.08021792534389703
ck_f2ecab85d4693b4e,0.03164522088745187
ck_89d7bfc81c3df597,0.010468720961626293
ck_7929284327667791,0.07203672452243415
ck_494ec63c5ce8e150,0.015781173598729336
ck_319b059bb2145586,0.11361216781859618
ck_ccb3767c239018c1,0.0031090424723708558
ck_a1c7adfe26e09a8c,0.042304501917785696
ck_0e13c4f73818149b,0.030071209815324296
ck_c285a51ed6214f52,0.08617713594326197
ck_916784595f028226,0.13375730549218612
ck_6cd8e0196365c474,0.03335790430660351
ck_57b657aba4daffde,0.2577597161380783
ck_562c76a3753fc7da,0.9090633994354899
ck_66cfc1ebc9a513c8,0.008168653267588295
ck_0f38d4aed68d7d24,0.03678759025751422
ck_d8ddf5e99f7859e4,0.030507109330703008
ck_41bc3efa0fca700e,0.08081235445910256
ck_40799e129fcf42c5,0.4424075879346858
ck_786f079389126e44,0.033020902529532374
ck_bb4c6b713eb0b978,0.057643634733311244
ck_4f01f7eac0efaba5,0.01736727213711159
ck_47d29c01b20cf69f,0.04146447997843345
ck_bf15a1f8d67a30d3,0.02209099365010042
ck_bfecad7586f65e4d,0.022092553159966596
ck_fc9f16df35190eb4,0.5516823891206831
ck_c09c914e416edd08,0.02197557849047598
ck_c54c5d8e4433b0f2,0.005057311497879434
ck_1694c28f44480e98,0.005251408108546661
ck_1dcaa3078dbb7571,0.0018443869112000275
ck_af559f990c640e41,0.016415468465531432
ck_9b436162039a77d0,0.06347118017865956
ck_79d62ef181bd0cd8,0.021140607168788555
ck_23caafc2cd34242c,0.021435104581440545
ck_ffe2aa26f597e552,0.01438033816706002
ck_e6ffd0754ac08661,0.002493017844440351
ck_beaacb4a783db21f,0.0040102396447571735
ck_9863bff41d24ce9b,0.007081837079456962
ck_323b9cc5c49f8ea0,0.89953848266809
ck_ab3de3d3e41c2082,0.0035881659507970265
ck_35c93b2924900376,0.004213856040624752
ck_5a9d5f9901e37e31,0.04039846204151517
ck_782b0be796164335,0.003646464204532581
ck_11960b5f1c7a5e2c,0.007849316258306498
ck_9a66cb13a9884cc2,0.03116634013801405
ck_ba666a425930615a,0.002909723072194076
ck_40140bef4db73741,0.013597588761437296
ck_e05e91cc180063d4,0.14482567545750968
ck_c7f6f45710bc050f,0.004148723775674274
ck_055fb9f2e1c8c934,0.04359916606790722
ck_58bb02d98e2b9cd5,0.031583489218397785
ck_d9f8efa6a7800f76,0.007102539657165309
ck_69691226c68fd50b,0.6117344025142063
ck_6f2f0396e5b1c538,0.988154010516757
ck_78bc3f1d0f35ea6c,0.021305212597408373
ck_2d5a6b6636a2596b,0.007496503527720234
ck_7878545739af0a73,0.0024872705598153124
ck_03c4fa4f3ed3512e,0.007449180967926696
ck_1a9e51d092d62c84,0.680407680948739
ck_9f3861940d8d873c,0.019909978603714417
ck_4684fdd61c6a0fac,0.08977550733245192
ck_715966f86d5c913d,0.004239255852732424
ck_77f293d44b4a3d2e,0.07617686416723612
ck_24dae044dc05f849,0.040000650326693525
ck_00b9818e2064405e,0.2013663940043653
ck_c1c2cb49c3c1b0f5,0.3530589220876807
ck_bed50fc64fbbf8ec,0.014135263370595633
ck_4f6ed5ea5ab7c429,0.026213901944753638
ck_458531c22ec2f9b3,0.018831486203279246
ck_51c50c4c443df31a,0.8251419767858517
ck_732d45bd578dc39d,0.019084784166451336
ck_783fe5bc20cd02db,0.04595647807491354
ck_7f188aaa63d1d442,0.014562345426506423
ck_ef307a6aee38d1fe,0.843317559285684
ck_e37196b20968b73c,0.07411720995138744
ck_4ef9de711c3d93b1,0.03906555650743771
ck_17946516d5df71d7,0.007295545467373973
ck_3534be0f4efd313c,0.08151821696059158
ck_29fbabf855cabdff,0.002970473203557564
ck_191673540d8486af,0.022651650453568765
ck_5f52728d777ff2c5,0.01033184033048299
ck_a045a19369016818,0.9932110849485062
ck_4eadbe7298b15e96,0.020980610661065865
ck_a3a0bd59729fe619,0.009140385207863443
ck_a1e77090b1c6ccf4,0.0035804734655568034
ck_69ab9d4784eb77bd,0.02985562041505919
ck_baa47383ffd50f04,0.01618027911892607
ck_e35b2ed08b9e55a7,0.013352974124222676
ck_b6e3af0a5119d9a0,0.06372974328801181
ck_a7c1dabf3869772f,0.04920893771942806
ck_80b8fca67a14e0be,0.6102774002360704
ck_dd9c5f0c42878e67,0.006657988918584751
ck_41ef7967faf5ce82,0.0028933617193372327
ck_a93560aa348d6225,0.10607482893296305
ck_ffe91d6f0bd93fc6,0.03995442639519298
ck_fbf630c960194033,0.0028571021429814724
ck_497ed60723283c0b,0.015320941901811625
ck_2a46b7ca55239413,0.0073529911890868604
ck_1a4e5ace078dd782,0.025943187147135227
ck_616cc31910f5de50,0.009519617824460353
ck_0d65bc749eb42710,0.07375594028651279
ck_2408db62e4395ccd,0.017034496668828523
ck_5d7721930106dce8,0.012409504745892213
ck_e8a6acea22b20312,0.42484953231534606
ck_e2f792fae128b18e,0.28445680544247026
ck_e6d3ce445b86003f,0.0020266237006048367
ck_263334d722ecbc97,0.7166297072811894
ck_8c5b29f6666d4874,0.09753564883509157
ck_7ea0bf310fc20c7b,0.9426687106165629
ck_54d463f7fd89ec3d,0.019398273278039554
ck_79e45040dbdd6447,0.09000732047246533
ck_60b4d59953505682,0.8703077795507022
ck_fb00dd5021642507,0.024863684260805135
ck_f409ff994a210601,0.10181402641511655
ck_2ca0020038bfec58,0.31926190496452217
ck_adf84b9df54c3d80,0.021972191729907237
ck_942dbf632591b65d,0.038322438508758605
ck_454a7e4d859a3409,0.014020044195843934
ck_2139062d4569aa07,0.009099676203345725
ck_e949a0f4df0b3902,0.230737882980517
ck_bb113e3e6716ed65,0.015483857437234036
ck_6a28ea6ce69cb869,0.1090707478295622
ck_7df9910af2bba21b,0.013569569042542619
ck_78aa4b731cbfe251,0.010823374111028732
ck_5839f5cbd8165b1e,0.03716609632418102
ck_7158ad9e58769ffa,0.2003090899944939
ck_acee218cbe61df69,0.05634034953052288
ck_f8dc8473c2772729,0.06693399641633196
ck_f34c93a8173555b1,0.08618955030194701
ck_7cf301d075e4e709,0.010250331580788023
ck_b87e88ee5512ea17,0.004019152444544711
ck_bed0c020b10afa3b,0.014912653074110131
ck_ca10102961f99eb4,0.006658241009199235
ck_393287947b5c8d79,0.027823126487504974
ck_2fe6cac002142f67,0.06693839196977575
ck_79c7f0d29b1db1cd,0.08389196292435437
ck_c735b643d3cbf67b,0.009404080655726111
ck_ea4332c8fe48e2a3,0.007143090587097001
ck_d39864119cdd460f,0.0034738839864634926
ck_3b963d6be2773861,0.0041035890679076625
ck_df39e3b8a9fd0bfd,0.9360061463313376
ck_6236a461dc0d11a3,0.0035426712726208073
ck_475ebccca25e30d1,0.01583059229492362
ck_c10c8bcf5bcd516e,0.09191939891616198
ck_49ccc3716a564256,0.011698489239682223
ck_4e4f99102f6938cf,0.009898783475523068
ck_a97b481ade6f7972,0.03757063103133413
ck_3fa559c679751b3a,0.08711599208067385
ck_3eba1fd2c7acc4c0,0.5810496831325432
ck_18c179b4afc4fccc,0.021821124947266818
ck_cc1c0b93d05b7d20,0.1091081780963599
ck_742f7c28ddd019e8,0.03549248011808719
ck_04470bc93b8a0d71,0.014001618050801287
ck_6e8f8ef7a03cc6bf,0.018970271048765804
ck_eb1ddfc353b4da83,0.0065671403141410465
ck_98831b57c7ca2e4f,0.0014001510551361904
ck_a6c7b8d6e8596d4f,0.016921267892139377
ck_cd7d24e3b095e96e,0.03836718066388727
ck_3f5ae4673a9f858e,0.003649291453260922
ck_05f375fc8ae0afb0,0.009027409777262817
ck_1fc98436281ee39e,0.002832135410359035
ck_6c48c58678f64bae,0.001844262544801921
ck_8c95aeec6a4c75b0,0.0019200460422570734
ck_364cde38958b7af3,0.48228713503762144
ck_85bf21aa1a00452f,0.005412256854153821
ck_796d3eaabc667c23,0.9929849357977011
ck_ac449ee0c315edde,0.007256868787814103
ck_6f9fd15ac6b163de,0.0023789480773704903
ck_4087065be2a45ad7,0.2934372553592152
ck_ecf006bbc78ee3eb,0.542479134868539
ck_8ca808cc5a49cb5c,0.0198730777834336
ck_94b90ab8b2dfb50f,0.027550624790523042
ck_59fd11b3232de9dc,0.8723138888601983
ck_67f3794d93e2dd67,0.2414099219386503
ck_b7f5acf5df1bb13e,0.024051392019526732
ck_fb04ecbaebb774bd,0.013690195051651094
ck_68ef3e7301c621b7,0.026071439613512788
ck_41406cfa209b6bda,0.006382246141588465
ck_b0f8f5408662337b,0.007932645712038137
ck_0d2901bfe585c391,0.4318654476187958
ck_3398551e81dbf3db,0.02538881509238553
ck_61c3e3e277629646,0.023029784734451542
ck_2825e34dd3e7ea2a,0.011277604178288388
ck_20d7571ba830009d,0.009720961982138105
ck_c98b16f9a72a6568,0.0020819408703093407
ck_e7c8a9e4641eb9ed,0.001704913919770972
ck_254a7c97c36dab8d,0.019227277450466308
ck_e98429675b46272b,0.0060231930168890835
ck_c2fc0ac460786d02,0.10864635049097641
ck_fba15647b3a140d9,0.02060122245571021
ck_15ce50f2704227be,0.02767787768235432
ck_8c748aaa4a4554f9,0.011760775807394206
ck_e00e82a9419ff086,0.022132245822011388
ck_832341c98254bd84,0.02750309805336786
ck_27466468d06db4eb,0.05529625169417215
ck_9d7b9e3ff1f3e71e,0.01936748807315085
ck_42c6973d3a6fe983,0.0022162281303715163
ck_877c85bad118bc62,0.055236408978225786
ck_75d2a2715259c4d7,0.03596608778806796
ck_37d3e5c681a2214d,0.5748259169534302
ck_bf285dd49f372de4,0.021852899796132436
ck_a5bdd026fa9c50fd,0.02858903986201333
ck_88d9244a9cf7a77e,0.5310162975843166
ck_5881b174e49b04ee,0.005447318109722608
ck_5b16d67c5ea89930,0.030224097112952014
ck_b75b936aafac56b9,0.00932231229750146
ck_aed2681e1646a0df,0.1280947093688173
ck_f63cb5e8cc702bad,0.020041347604338823
ck_1805fcfc4a9e4ffa,0.8761551716830459
ck_25c355da356c730d,0.054559997419422614
ck_70396398e4a96449,0.0033010212054589375
ck_0f743bd13373748e,0.033766819858673074
ck_4b387765f0e916cd,0.005601714681924069
ck_e971faae8a10a260,0.003753373447110442
ck_9eb08369e983abfa,0.011576693234957192
ck_c30c5844512e429f,0.06495741006123766
ck_59e77e3a81f1fa0d,0.03079802236816043
ck_ca4465f2b5c1a52e,0.9848610941071579
ck_c89b9ca398402f1e,0.0021249731206632325
ck_36e72ef9273e7a95,0.01580093730035432
ck_2bdd8616870e5e1c,0.0039776249168887905
ck_216e87a41de22b5d,0.20266618959945124
ck_60f4fb44f5efe3a0,0.002530519124438292
ck_05652e8ace6ce6cb,0.010196638321363551
ck_8c136dc691e65695,0.0018962267043887303
ck_a08f8dfadbdca112,0.0029400688589806662
ck_bda4041a3e90d860,0.01101566176264241
ck_15dd3ecaa8ce0245,0.8704022722933845
ck_3e3c64b3b7876ce6,0.09260936910653163
ck_46225858a38b2e57,0.012743893876724324
ck_0cb9f54928f4feee,0.014280378082380937
ck_152671fbf8a9a78e,0.12848301255915515
ck_ee7a515e87d17d4e,0.009175906045596973
ck_f7276091bf513d22,0.013003259424341768
ck_4f05daf1cf0d5755,0.004435744605756009
ck_83a69c4a5d55ef19,0.04713343371802642
ck_c50fed2a7c9198c0,0.018584656118236963
ck_70d19d5650ddc8f5,0.011291889910415324
ck_4b4d99e443618904,0.03802947445968725
ck_dca0b6ca93311ca2,0.008826328740298069
ck_b7431d4706461ec6,0.01157396511139232
ck_7b59d22cadef3b05,0.17829642811330668
ck_53428573abcd606f,0.014859271274342367
ck_f538ab6aecf2adfd,0.0022516645432352407
ck_d321249fb065d2fa,0.1081993011653566
ck_72fdfc7e6d8e1436,0.0036704897095259314
ck_b52b99dad89ecdfb,0.028907041501677944
ck_d2d4282f9d256b3e,0.004001420478579521
ck_c8f2a1dd8a6141a4,0.003338884614013283
ck_8d38747058d0aeea,0.5299767771271467
ck_3ac528caac74f563,0.02681569529032088
ck_8dbaaa00ad829ca9,0.016005484052727063
ck_7c38ec898f0fc21d,0.002368491610352968
ck_8171ef803f5ff604,0.03007489032289749
ck_01a750db6fc1168a,0.18935753029032787
ck_ceb017baa26e98c8,0.1561090808216963
ck_e2c66c72cc0b0f78,0.012234060248017745
ck_8d9518f64b222416,0.006807385691938827
ck_804c5a1fa5753617,0.013929544084394488
ck_fca7cc9c42695453,0.004559790613635953
ck_3a632cdf2c19051b,0.008663251502507553
ck_b2b63ea65edf1dde,0.1441080558776201
ck_27b07021500ee841,0.025644603539889774
ck_9724718fe64c6557,0.9854746607945007
ck_2786cbc3e75ec034,0.5187203278019871
ck_d9c2622cb6df380b,0.007841181079028585
ck_ae1da8ee98e402a4,0.011752745974526566
ck_62967b91504149f9,0.004636023538629619
ck_6b255bf68709109a,0.005638314116862351
ck_c55afc68421d85e2,0.03561217211696112
ck_7c7266f6ef2a8466,0.0491480323039595
ck_885cf685a9541190,0.9079959971685904
ck_1a4bb7d3d2ee3227,0.015442862084110534
ck_b4911c42f3bff740,0.0016972102581013012
ck_66f9f78d4c6a3edb,0.0636952559086345
ck_49bdba9ee1899dfe,0.013608843917454797
ck_79b235d51718435d,0.05246054576007586
ck_d840db8cfe2ef6f1,0.006625799010081924
ck_610c7bcc1cd7ecb0,0.028313972751795046
ck_cf49b6544aff6c50,0.6279171076050972
ck_de05f97c3d40dd1b,0.04072449778539494
ck_0302f67d75973dce,0.02027107952032191
ck_54c2604c9ca6256b,0.02579476698014932
ck_a1c88c0568f142d0,0.07987022425769129
ck_5d72ff6cc2963d1a,0.002826432075321265
ck_0446920a1004c596,0.004517775166930443
ck_71044c29ef071570,0.012666775741515653
ck_2122e9bb1afffef7,0.008301491638142004
ck_d1e3de178601d3c2,0.01753911631763871
ck_bec8324a3587ef04,0.002275748901383049
ck_b616b6f45225f319,0.06849986050937723
ck_ce1e695884511479,0.06597969604779709
ck_a662b4bf900781e4,0.0018092097942918447
ck_b5a84c5547378c10,0.0023820831698778966
ck_f80af368cfc6cb7e,0.008153276693472019
ck_da3526ab6c5c884a,0.02261909068838568
ck_bd20be9a3392d79b,0.013016639069469649
ck_b8266dcd90cbfa62,0.00771803623171876
ck_ac84b33304362c06,0.014884334559848798
ck_794d8935a895e33f,0.08268236722495169
ck_8fea7d915259f1be,0.002549338830095933
ck_7a1519ad5ff45312,0.0028165784887971266
ck_9bf3ce30b65f75c7,0.08088402940616181
ck_5f864d72d1eead99,0.1780628457344042
ck_3c48e0cfc2a58041,0.6412576551754767
ck_d902183f80cc81fa,0.023668378296085608
ck_539cb0d117db8cd3,0.40542124198919166
ck_28f530aec8e77130,0.06000588494104025
ck_e7d903c50d353361,0.2502721312580842
ck_d288b77d1e227970,0.03705615289062963
ck_017208fcc01b5d40,0.011989944405949339
ck_7e3923d278a5106e,0.024598703598944578
ck_9700a00ff9e66216,0.01947999345866984
ck_5c36c78b7a4d138c,0.10182372734704898
ck_c457e9c9224b773d,0.02168761683915869
ck_1dfa91405d7e66bc,0.0020262406645417744
ck_f1d8a2695a575e56,0.013235057479583602
ck_3b92a46daf8d00d2,0.040853486572173615
ck_aab23b5470469649,0.022284119780087236
ck_ecdd01a391610d99,0.006741847981329184
ck_abd3aa292f8edb4d,0.04783873989932908
ck_7fc9a0776e1339e3,0.007769638520666933
ck_c0389ebeb0e65cb8,0.0037763116611333274
ck_48d0fc4f6a2109fa,0.9796568634666155
ck_571dee4f3336c7ce,0.016212612770634762
ck_4cedf26628c84f26,0.02068100287049329
ck_63356762d24aab81,0.0412055694083796
ck_2c5bc11bb7ae5d2c,0.9493282576869367
ck_6d26a152f900fee8,0.00690793598241102
ck_c972b0e781efed3b,0.0036197408887650834
ck_fa0ecbcf9a33d6ce,0.002388877390540657
ck_fa3a766e49dc77ae,0.012585525278351257
ck_7baf1e55db0dc558,0.017743069232442874
ck_e8bc49e6494c1f37,0.006127731764143433
ck_8ef1d05cc1e53e7e,0.10541657059007982
ck_cef2a485a77e0723,0.0031374678840512525
ck_228a583f23abff48,0.010491216294193549
ck_ac32c6e374782b27,0.16071470746186925
ck_b9485218cef413f0,0.007491553027682208
ck_7f15503048915d6f,0.006695461324105446
ck_b62f5144db15ad34,0.035935787706756074
ck_917d82c552f95a23,0.03786112448754896
ck_fb4797045077bc6d,0.0020206960062356815
ck_2cf8a44e041217de,0.018283172846522037
ck_b7dd681eb3d2ee38,0.0018217659102831832
ck_e9e8cacd2fa35e79,0.02137479041992481
ck_342a79f91de5d1fa,0.06390960663424947
ck_2c91f62c05685ed7,0.0025397295957435948
ck_e30cb64302939f38,0.05269928197285744
ck_d0e95b90ba86da10,0.019002863939778136
ck_1774faf414a5d49d,0.8714592833096627
ck_2401e8ff89e574fd,0.714422106839943
ck_0cd8802264e0a1ef,0.026543363267450396
ck_da84a0dfe947fd3c,0.021429412214432342
ck_c8affb27ba7fb5db,0.13508642217374334
ck_bc7ece8787ca7200,0.005996856872773265
ck_469a0578d05990c2,0.006242673266607025
ck_eef67f8dea702338,0.021164956940096537
ck_4f490e379e9ded9a,0.004099242697251889
ck_354379de065a8ff8,0.004473038453522207
ck_5db1cb368bc41ac3,0.009378136618909008
ck_9b1c3742dd6fcb8b,0.027438965651318186
ck_63ce4f44c92d7143,0.04188177619837493
ck_e15e3390f5ed45f3,0.025074089769623026
ck_da645ea91d66aa6f,0.5331778812168363
ck_834ca727df855f07,0.18859583661339677
ck_e1d5ad20c737c745,0.031944003151977575
ck_ff8059ae5fa5f1ee,0.0013737115837950604
ck_8bb9e75393954a1f,0.0026476937570947025
ck_4e1757d1347ab387,0.9938976565453038
ck_af3f74b1d75a5d95,0.027044813676266728
ck_6b1ab0742ff04c3e,0.05459153695279656
ck_f56073911c9f1ab7,0.003904336957614564
ck_51bd5f69b4fe0b92,0.7878144677525567
ck_fc3d95030b81f416,0.001538097883196677
ck_cf78169633a1600f,0.0017078771357348147
ck_ad7269eaa65c67f9,0.024796252413034178
ck_cc6d33890d47a6cf,0.02708759148886304
ck_bc8f31f4a2ffa1ae,0.0024091078637858507
ck_720776a46e56dfa8,0.014876145995619497
ck_e2d1f212f259539b,0.011302954141456231
ck_eaf6f7082c3db2bf,0.0462037721738951
ck_773efe58c6278c3c,0.06070589347119554
ck_c4a72c09f2fdacc4,0.011032417111550554
ck_8982888dd6611143,0.002276329852797349
ck_9d5049e195eda029,0.01741512121500197
ck_de58ef6f9fe2b546,0.02110523526140071
ck_c0b50c11e4f5adf7,0.04411021998010207
ck_ddaf228487858bb8,0.21898351677876227
ck_eb2323215ff70362,0.03814172214672963
ck_168c96a1a636ea15,0.01748263105762982
ck_9c46711b14d9eebc,0.0021025936784673962
ck_de8af660806b97b5,0.0017350360291152741
ck_6ab83f45bf16eaa6,0.004228944225350565
ck_bf2228a052815840,0.0071646409447190295
ck_3f943f20a9da9bff,0.057614412328721665
ck_3baae40454c00938,0.024358670483381636
ck_bc2e771a1d8d2dee,0.2546338957445664
ck_e55f5ca37f30ce8c,0.030001654714920705
ck_4ad5937bef176d89,0.0025451025404636834
ck_126531a9126c17c4,0.0030723891732901427
ck_7ec423cb56257516,0.0494346074155817
ck_54748ae0f2daaf10,0.031008151124735376
ck_ff24776280ceeeed,0.004321540936870418
ck_3c3a1a1365741bba,0.0029138640181190258
ck_615277c8a4e2b18b,0.009688368569304532
ck_a96aaef34173aee6,0.06263104348246139
ck_bea56db7f3e930e8,0.005727374020314012
ck_ca491debd3b32a59,0.023064036984147208
ck_d9ea77f4114a389c,0.022418361817818016
ck_322ffda3332d08a2,0.03450894830195944
ck_c40ffefe4e30b001,0.07589366395685186
ck_3b1d7648d4580bef,0.0034467294810072682
ck_23981a3261674131,0.02087908440133061
ck_11667f5b9fac7bc7,0.0025711170846002443
ck_646bb3c7be5f0817,0.05575885022081484
ck_ebd0a45712dcf07a,0.09151646187961741
ck_baf43bf1bd963f9f,0.019714166438834613
ck_e0ca2c819658f6b6,0.9902480411066694
ck_f0d6633d0834fff5,0.0798641194333226
ck_91081be0254878a5,0.018853418032451
ck_1325000bc7f35b5e,0.003049561558480865
ck_c624b9063400fa3a,0.04445075849583895
ck_0ad6fa0e23c3bd0a,0.39803374184251855
ck_6ddb55b1f23c6cb1,0.016548730199690085
ck_dce1fb3acd65562f,0.008572602091756342
ck_a9aa389688ee5aea,0.03184694884649438
ck_5c5284c45d9ad8bf,0.14787416627642933
ck_9ce743dd3e92549c,0.05107429486759541
ck_8342e08cc2f9bcb7,0.015374765234064834
ck_25e551a0a8d2fcc2,0.04525356417916823
ck_d4fd0e438c97e0c7,0.1992907234335175
ck_ac7fe1c344190c50,0.012377550562758752
ck_ddd65711b5651f89,0.0023100072007279948
ck_ec7406cb5cbc8f10,0.0070834084704381765
ck_1c65e8d5be3b9c60,0.47457532455890156
ck_38ee42f15a573e81,0.06561994697226063
ck_0e5385c70c6de025,0.0061673820736062425
ck_d3137f0f7629040b,0.0077684835378956
ck_9129c92c12e0c8b4,0.002789919296027956
ck_c86520a00e50a926,0.05345641113039207
ck_87f82b2b5fee757a,0.02430444576654525
ck_643abfbd7548d0c9,0.05142746456177497
ck_be51f4e5e6b85768,0.08173836670108521
ck_132c16312f37810f,0.004158872694731461
ck_c78c096ca8cb33ac,0.002832607497581389
ck_2ce5afbc014763b8,0.06680079190899979
ck_50ed8f4e7ae6710f,0.029156859707518672
ck_5a4eb535c9a11993,0.009775114087995989
ck_9b665ef46d785324,0.010142041915724674
ck_e066f71f8b296b7a,0.0021828624125897456
ck_560bc6017870ab06,0.011143260855978677
ck_fd78f8a8663646d7,0.00812305750764708
ck_4af5ec61ddbde1a4,0.015367640734014832
ck_c2ed04a9d218410b,0.013073447095405083
ck_2455d43bbdd2bb69,0.024571241476023502
ck_56eed7041add49a1,0.3098724667669603
ck_5f0be7b468a72333,0.007467554864543094
ck_19660cec756632ca,0.006117442133995714
ck_fb90408f4892a21f,0.01802333753672006
ck_833a65b86a5d9bda,0.004376319460057729
ck_2ac36e1dff211d38,0.12509548428325326
ck_c00e70606904539a,0.009594564216546681
ck_ba8affe4b9505a95,0.6315167425160321
ck_0c3dd22587b08018,0.08829482734808891
ck_618c4e5cfae99dcd,0.07814373938309631
ck_c9690baddfc4177e,0.001582499285334509
ck_59fae092fb0c4aa3,0.01960542346839933
ck_e03b7d0fa0b28f4b,0.0027624995541756445
ck_d451d24c780b5884,0.013117891004303342
ck_e980d325b8dbb8dd,0.0022120367378771007
ck_cff18e2d8c520272,0.001897641538595645
ck_a0e46b67e986ab56,0.03365356359322492
ck_3a469039a5b9d963,0.010965642978464668
ck_12cbb211ebd2b437,0.1313063787747456
ck_b8cdd6d6dccc4554,0.006229177116188867
ck_794ba5921cef50c9,0.07102064372265444
ck_2c7667f64edec2b5,0.02778145335062406
ck_7262b4e0c29c942d,0.02729175575604619
ck_5d818522cbfe2a54,0.10339592796133477
ck_de39c1947fb675ee,0.0922438375655532
ck_c021495606b4735e,0.01197192477985772
ck_1fc03ba33edd9e67,0.046530148340610644
ck_a6fe344bbf67f14b,0.011039471863256657
ck_963762210edc5694,0.06805085503865761
ck_d064428b7e7dc409,0.002591020253482577
ck_59be61b53d971611,0.011485711004544832
ck_ec8738ec663cd2eb,0.014954427714080724
ck_59d086fab5998646,0.02150910302207484
ck_bd32dd3b2cbb7888,0.9942244257393158
ck_ce0166addb93bbad,0.0030091517591587995
ck_7c0fdfbb447cdc04,0.014885857743003378
ck_cb1bd7635968ed8c,0.23630212075981571
ck_66f94903177f20eb,0.010644169149223462
ck_1d7cd5dcbcdafd7b,0.5735872770889663
ck_5e418a7c04437b4a,0.08404131313598977
ck_631ea1ae91ab333e,0.03588172075544699
ck_0a8029e79a5ae7ce,0.04814007786397383
ck_c4cca8278bdad9b9,0.005737527410169201
ck_4dec3df58077a257,0.05542891383529321
ck_609c249edd88c565,0.019928758896783808
ck_02e5f9cbbbf2f078,0.020490604053948737
ck_32e486859130458f,0.763207263748248
ck_21ed2ea6386c5a07,0.002025931357147605
ck_1242aa4496576a99,0.0043422237104222
ck_475ea9aa6d3898b7,0.22234668727492635
ck_fe1b1adae3be70a6,0.9024101558478277
ck_c5414d7a8031d4f5,0.001637206397276235
ck_ca1f6f01868e978f,0.0339585897689611
ck_5eff0208c74ec714,0.020842582481775587
ck_a315c9619a317609,0.021611850526359375
ck_2b87683c90acb852,0.06424999191573029
ck_7cd9f39c50748ed0,0.00959530560493002
ck_16a06d58d71935bc,0.23966139655559712
ck_d116e0e7c19b878e,0.837910003930883
ck_931510e384b1d0cb,0.032712491944217194
ck_e7651fb87bb24132,0.0220618018883541
ck_88ef9f85948e1a01,0.004396110617522392
ck_17bf38d51115a8f3,0.004589888479850118
ck_2659d1d3762a2825,0.011657610973110367
ck_a7285955e2852686,0.022264913658637517
ck_f2c33d5b65b321db,0.0639054340562305
ck_83e5979334345622,0.044413340271171796
ck_629537d8b4d0f395,0.017591044794908032
ck_72022008a92c9386,0.020618494602685798
ck_2973b8274f0bf69b,0.03674393052599846
ck_565e3418d2f4061c,0.012929958485170747
ck_54bb53b8f8ea32ae,0.9803432365079466
ck_af0a6540ea7a36b2,0.020985451325659654
ck_888651bfc2c8cf70,0.006733001680497754
ck_1dedcb48ac381a1c,0.053464116367569765
ck_f73273e220296be8,0.03300617382163494
ck_8424bf65223a5a9e,0.0033024197839997536
ck_337b930fd149a696,0.006552085837793111
ck_8a4952de8a123ef8,0.00641884676511868
ck_884168153c9c0c81,0.0018113405162823032
ck_fdda581aec411010,0.0032677309419934636
ck_2b7cadbc8b180d32,0.7941777089743565
ck_8aa8b9968233a1ab,0.005558941454128624
ck_0af18b3ce015d294,0.0035942950118797307
ck_8dde670a735d1e90,0.06899157104697902
ck_62f46226f244139f,0.2470290413360685
ck_f948e8a8fdd79b4e,0.01746733764564289
ck_fa00aa0f3e859904,0.08225175298258458
ck_fc7935f784a4f249,0.008678264589733163
ck_e7501307c0698e5b,0.03222417825119391
ck_549ed417f2834cee,0.05784167240142301
ck_fb2a35571ec719d4,0.12115837624560062
ck_25822068c86c856f,0.004552147496696283
ck_8f35d229b62c8f23,0.003931557952863605
ck_bdcf049c1e7d0c95,0.014544319805514627
ck_0aa9db36eb16422a,0.002219255070230817
ck_42dcf92e9e016922,0.08139001995518613
ck_42341cf31c08c981,0.004347137295630815
ck_0b20bfc515ba42a2,0.014697343602357894
ck_0ec820b670d48098,0.002579320781055073
ck_1f0bafec397da8e4,0.03479516060906069
ck_82f07504ab59ed33,0.05875271891700321
ck_337b24a474010abb,0.9904906418260713
ck_703703bda38fdcf8,0.01217361810653149
ck_01e7960c63dca3a4,0.918294756324815
ck_be5bd81e3715cb8f,0.9315687751090426
ck_197f8058cea1fbea,0.0022011630721781032
ck_eb3fb1106f2f1b21,0.10788085920732633
ck_658b4b54be09a4bc,0.9886503624499324
ck_266ce7ccf41ccc50,0.02444098007627811
ck_110608c3b03d4038,0.610580420648743
ck_1be8cb95d6d9bbf8,0.0031806681008069004
ck_8e16a64a776afa82,0.26227938152286606
ck_34bd190d37eda534,0.049583871561313976
ck_4f521611ae14ae66,0.010155334005438013
ck_d839798f9520363e,0.06748573747169796
ck_d1bbfd246c0ac9d5,0.038379603917288056
ck_f19030e6e85a6776,0.19796401287470874
ck_cdabe60ab59f9d5a,0.02364796199829818
ck_bb84b2b30293f566,0.7287867010886432
ck_427b91925952cb40,0.022175654702314588
ck_1078b1e155b5b640,0.016204387062511507
ck_95fdc264eac72fa0,0.003735738106413434
ck_e35eb857c61548b2,0.6869134819439763
ck_69bd0b1abea7e1f0,0.44696465108954353
ck_59de511b20c842ba,0.12156799987360824
ck_168e7ea341a36b80,0.0020275406050500014
ck_4937cfa6526ea138,0.057774492717601045
ck_bb1a981306b750ac,0.18478837588726152
ck_f42a43e4c3f34ccd,0.0030022676121373784
ck_c7ae1d4b3ab38185,0.014298975280270467
ck_bd23cf9bba1dd33f,0.026744953931985716
ck_0fd826fad7ec7cd6,0.08305650812370212
ck_f143641bf3dd0414,0.03949516327960235
ck_ad6d48c20a3688a7,0.006639073769936566
ck_7bda5b5b927b2905,0.04355815952236189
ck_a337eb38eefdcc88,0.07928665710151374
ck_403da2a2d800df9f,0.2204533785806897
ck_aa01d5aafde73d0a,0.011390524145026561
ck_494954023f0eb309,0.025225750670936808
ck_1c6820fc38135ad9,0.10241654727531598
ck_0e0bab173622db9b,0.13244190794801083
ck_547090bf35a3b243,0.01399626742660255
ck_d69455220b21dc9b,0.002834478900823685
ck_90b4ac695b9c6bf7,0.007896352493318309
ck_8d2afe17c0082e6a,0.08480671652154088
ck_926b81c0ba528eee,0.01176788181495896
ck_ce36b0c287bd198e,0.05208065167015291
ck_8026e017909aaa6c,0.002363248275517324
ck_dfba788f35d4c372,0.003920488336620936
ck_f09f9d0e0886e0c6,0.023155464993366858
ck_4ffe0366df388604,0.02656395705606729
ck_75bb521de55644c7,0.004495147547163246
ck_81a960fddf79ecf1,0.9284066665466115
ck_8f43459991ea511f,0.02328159959835717
ck_f878b68d66fbfd4b,0.002125096520481231
ck_e84abfc0c747c9dd,0.9057866182985076
ck_3ad3fd3cceb56b66,0.9510124036764074
ck_7cf562578c7f158a,0.008415695732019952
ck_f81a97d350397306,0.05822318977118889
ck_255d87b7fb40caa5,0.02565477797622301
ck_b3905153b9eee924,0.033701082086973
ck_2c80a592fb4cd6a3,0.009076270620449424
ck_57deb202d4188a29,0.010891949988675362
ck_e3cb5f31d8e94448,0.9738725006765275
ck_0db62d5f7f75f80f,0.04097282408712638
ck_ced9163ea85589ea,0.04492381100371277
ck_e16528edc694fb33,0.9430933195739373
ck_78cc5ec4940fec3b,0.006464416588463511
ck_31742076e9a998f8,0.0539565959023282
ck_5ac335f02280271e,0.0726882077434818
ck_7cc2e091806cfa5b,0.02947508151212468
ck_3152c7115257f084,0.007418497947203177
ck_ab1b9d019921bca7,0.024875432223816416
ck_c33a762d98f9b290,0.003971273207654418
ck_b16a7c51b6f7a6b1,0.1048060001559295
ck_97402a153348e68f,0.008729542469062086
ck_95391029a21caa24,0.04544149879676293
ck_c2015a1200971fe9,0.045813708416495284
ck_ed4427962c68918c,0.985915839109766
ck_c5e4a17d3efb19a4,0.2571864591318787
ck_8aec3d3dd51517c2,0.0024318869005186083
ck_f5178a658225d8e4,0.007729627575877592
ck_8594f165e95316d2,0.014531865444785649
ck_f0c4aac04076a6dc,0.018069343840140747
ck_ac2f7397801036ef,0.05750454553055514
ck_d1ea4bcc407c7d5e,0.010111283859478149
ck_cce8b6657a538fe0,0.05365501936957764
ck_66d0c6d6b67a8d58,0.0031596915846214646
ck_1a6b30320835e57e,0.017411856443841623
ck_8cd274cc85aa35d1,0.15129718636591613
ck_ada46085a78280e4,0.017436195351822975
ck_ce1b06623e4a815e,0.005931607803066751
ck_45e70c8a9686580c,0.07287374321765551
ck_0084d8ab6b1044f3,0.004240725470582108
ck_a5f7b6fed6df2aba,0.07009368746012128
ck_94940d783e7988e6,0.003946709467647616
ck_00f9ca84d1d8ae7a,0.003745961177777491
ck_0deb56f3f6452818,0.0018127880312264779
ck_a58e900469dfc3f0,0.007696460527800329
ck_028c41b195280980,0.015313593018452608
ck_7661d7ceaeb19f97,0.02448388378019774
ck_6957905a65c47879,0.02669205056251603
ck_f7c6c26ef3c4ae06,0.0729304036978123
ck_8777beb11aabd66d,0.013542790137523459
ck_7db098a17374bbf8,0.8815784490533317
ck_66aeb00e44486cda,0.6152181592290127
ck_838c52cc1d315ec3,0.015299914731659278
ck_1745847cd4e5dc83,0.04823821890231119
ck_201687857ec8b3cc,0.028779825101706912
ck_81818169208a8cda,0.03139183326824679
ck_3303fd3f64632c7c,0.15966419161924214
ck_edf1096809e83ef8,0.0037174721832542354
ck_235ce9603c7dccbf,0.1522741009667863
ck_9df7e153868bca13,0.002998512929497725
ck_3cfeade2cf270fee,0.014810516318831367
ck_982b0bf2e2b6c4f7,0.002652394393639865
ck_faeb0da678bb86c0,0.01217128090744128
ck_e86ad2fe815b6ed9,0.017405699390113123
ck_70d69e5d1bb99e85,0.009386848653043381
ck_7e9a8924eab779e6,0.9903453230000528
ck_019d5891103e7da3,0.01145273870507222
ck_14f0484b3817eda5,0.005661783851020958
ck_85de63d278f0fbae,0.001498926121652762
ck_ae91b4cff57fb3bf,0.011504719803320107
ck_2a6d43b9f883b78e,0.789292526987753
ck_7a4e3d553e8ab5b7,0.49028116789774634
ck_fdf89dc69f700f84,0.39742665075137346
ck_f92e04024bf13558,0.0016923954254841847
ck_4a522ca2dc4831a0,0.0038213693274861626
ck_68ba25dc3385fea1,0.015502061832168656
ck_22128a4f0d033422,0.020355413899606333
ck_5b52ee0a13c71590,0.0030806378909729814
ck_59472d17debedafc,0.017770666141669184
ck_9dde2c63acda3ba3,0.02227575534799309
ck_7510b1023cd08531,0.004216637706123139
ck_071ddaaf2e4e3671,0.016173154407200695
ck_1355db6f4010232a,0.016988126518552308
ck_0a7adc2f27f98510,0.14540678798267181
ck_68250033717cd59e,0.008950509929815392
ck_7c12de74de30b788,0.7769484832064957
ck_65491367584c730c,0.06768870432225056
ck_e9047964952bee70,0.052352116692214366
ck_5567779d6ba184eb,0.02154986223700096
ck_d6ea026357ec6477,0.010334287944601402
ck_cd7dcc884e283746,0.03159110655032723
ck_0bd77fea8ed75a15,0.026654626238694797
ck_e80883208e8d0453,0.02000554374365475
ck_2ad0ecbacd5acf8e,0.8925952875954298
ck_6c1dbee7e8fdd5c8,0.013263542015823361
ck_ee4d9a7449515908,0.0037454029028880387
ck_636111f7f030496c,0.003382009478550406
ck_2c629c657f73941f,0.0184130973743346
ck_c1c9d3842d758420,0.036687199249708924
ck_e4df7faacdfe8c40,0.023659578592065522
ck_94e8142728e44380,0.04128239886610581
ck_765aaf42c5088545,0.018565021873559195
ck_e0f845159b6e6a4a,0.02847443509032145
ck_5bc07deb82edbad7,0.002083462347441243
ck_713159c5c6a7a4d0,0.9930757902883741
ck_b08afc91d9ca55db,0.03980655616017607
ck_a7bc323ffed2ea97,0.7221478506979414
ck_85ca825f905a34a1,0.07428526121924672
ck_33160c443d4b3f19,0.056149877454671954
ck_832d39c590a3ca75,0.906165126499762
ck_7d1661a34164406e,0.9696819849164897
ck_c2466fc40fc9d5ed,0.9789199873146708
ck_ed0e776c0926ce67,0.14081943184336973
ck_cdd2ebeec75bfa69,0.08306331691853953
ck_d7877684c7923ec3,0.009880633892918654
ck_7384d4d2406aabf4,0.016548674900117976
ck_b8e5244e650aa81b,0.032534865537638506
ck_25a1ea40b2d59254,0.004809382273719407
ck_b9e5b318ee4de68d,0.013864739055072307
ck_620d7ae27af83cea,0.012776461145776444
ck_40b4e264d1a12b83,0.8880308994422145
ck_b694c803b62862b3,0.005751671787346352
ck_cbeca201dbade3e5,0.028724083527139205
ck_f9b439c9161c3e52,0.003358217514895957
ck_9880410fcd10a28e,0.0022777210126897363
ck_74928f5f91aa12b2,0.1261756684007729
ck_b6673bbe61d2680d,0.03839204679824482
ck_53c8315b5c30acb4,0.005645446439323194
ck_78f01d78ea79642f,0.015521149283290578
ck_8582490d6e365a63,0.02071538228485213
ck_af25c72d16299258,0.004205823280556276
ck_7905fe8e257b0449,0.2748847932218681
ck_0d16d9349e4a9e08,0.025318515273728966
ck_31b16b8848584e98,0.05036102948701732
ck_67207e3eecc02d76,0.03545721026535704
ck_e6b95ff91116a592,0.01238449472597474
ck_c08f622bcd6de6e7,0.1928813526409262
ck_f9a68da9e0f0bc85,0.0039208765863637226
ck_4072b59388976896,0.0252415227365089
ck_8ec86e853ad52828,0.19069604792438533
ck_4fecb87eaffd5cb5,0.013073227710818694
ck_d6880578428b965e,0.2394630890817153
ck_bfc82b3c1c9f2897,0.9270849898980545
ck_c340644176ca03e7,0.031880871270089976
ck_321e740066fb05c3,0.6701505200691299
ck_8929d2eb09872052,0.2613046540257113
ck_205c107cec528414,0.6521371911830894
ck_e76db7d2562f9836,0.028455611277486994
ck_9ede51c8434cff6e,0.03359038533493209
ck_492e4b89c61b7b6c,0.008353730125551443
ck_9385f5a1eeebefcd,0.11503293165471945
ck_ee52c7bf88f952ab,0.017416494946203124
ck_d8116c34302021d7,0.002567596183862152
ck_01645ea51972e99a,0.0993767049028963
ck_7b45ed23304a854b,0.022048044036668143
ck_2096d32f3d497ea1,0.3185200111945634
ck_dfbb2056f1ef7d3b,0.0072230429048039954
ck_938ce30c864bc7df,0.003879798511078209
ck_ff30dda2c881a4bd,0.6327845362911212
ck_f88c79186a082beb,0.025519068607903195
ck_08c7bb0f9851cb76,0.23712309896946518
ck_2675e7a008e584a7,0.15665721496027207
ck_cbaf8a954281d4e3,0.9866294749532937
ck_8b24eadf6c72b30c,0.806875456936992
ck_ffc8e3c1377d0706,0.004297733938100748
ck_5b59e859bed5b40e,0.034483507663843636
ck_7b61717f172f9317,0.9485774804870597
ck_e5c30947b732f661,0.062236189022266714
ck_bc273f3ce79f7e1a,0.00921626704924002
ck_f69e93388b3028cb,0.05773294687875156
ck_3837ad850996ba60,0.015572726574920958
ck_36d78ff3bc033ee5,0.07922516110262974
ck_5e20953547ba4135,0.3589576543184758
ck_258d661e450ac870,0.01997645403003091
ck_1df66f537496ca59,0.17272970987633393
ck_361f535599110201,0.023819793270411702
ck_337e98c69f6e7886,0.009965926408504409
ck_d3d5b2717cfc3913,0.08392356810320334
ck_b1dba768dbe7affe,0.04698421530113376
ck_92d782bd9ce0d1e3,0.04781534075447574
ck_26bd0f8898afc8ba,0.002503364059841968
ck_7916e53daab36745,0.14855461217123395
ck_2caf553b31831a50,0.017902292592616924
ck_c6200734c7f9b2f9,0.9578692852459542
ck_cdc55623cb16e6a9,0.012180543688513436
ck_57849e15b61c43b4,0.0029345061270262085
ck_b7af9b2ee0eebbc6,0.03383181333067565
ck_00aa5fc3b3bc66aa,0.14230922472207297
ck_9929723f65636c7f,0.9880423263503717
ck_8f6cce9f69912983,0.022430680951957823
ck_c422ba389ff00781,0.0027913520262940524
ck_9ec7f334604a228f,0.025383239893491255
ck_5d01200ba3341462,0.012481585362819361
ck_2bf10be403849c9a,0.011913576761166493
ck_6ca018259f70858f,0.019824023475089412
ck_a54dc042ebb7c766,0.20986265949642502
ck_79da63fc100830b5,0.04212031768811709
ck_67ab6f9e05c85085,0.03770477500683985
ck_fa80da579ea9afc0,0.01307666914456871
ck_4339f86c87289222,0.8626797513572249
ck_a2299b4f530be0d6,0.501018707689635
ck_19db0bf788697c2b,0.01635516121226036
ck_fa4211c4d826d830,0.0023622404768106602
ck_96100d5e8e051e91,0.009442673507992926
ck_5c3a671883d58b3f,0.0018053562049554228
ck_2d9524787cfe1ab3,0.4293823478296696
ck_47ab8e51e5b3a2d8,0.0026395807196938226
ck_c924f36bc1bbbaa3,0.009045347886572764
ck_5c58e7f8fd55e26c,0.006716323410904682
ck_a07e7409d6d5aa06,0.03044156087373444
ck_c8413898f5f7cb7d,0.05744108693869027
ck_577c816b41cab002,0.6104906569744587
ck_9f7807ed64cdb728,0.02331682049594536
ck_495d814d6d6d521e,0.008967011071117505
ck_7aa8bc018c2b003b,0.0019720325151732078
ck_7c3a6a82f3c3241d,0.013567975871397573
ck_487f7fbc290e4ae2,0.00965579918664035
ck_e556c4d36aadbe03,0.002188045493872023
ck_7e6569a1b2455cb0,0.0025223996389513157
ck_de2924955926d046,0.021284431373058427
ck_73d60b4630e3937a,0.0033096297251952143
ck_805ee564bd35ef15,0.005145065536574594
ck_0d40961e47797027,0.007922200834159331
ck_f06d00a4f9c87d80,0.003358636263945208
ck_5ef50fb07b6737d5,0.023404035336765244
ck_16541fc15683e21c,0.009103117424562473
ck_09fd43f1b7e2eca2,0.0032563526097127947
ck_2a2c336a69b8d68d,0.025573741539657163
ck_2685f38930866af0,0.014512152117601403
ck_298278a9da874437,0.008590073550079009
ck_00bd7803f2530c68,0.02117195238138533
ck_c2b4a1d8c0b6c1cd,0.006568143717826089
ck_2acb54ca20c3af6c,0.06982644415496687
ck_e3d4b6f681c783ab,0.06339056575148701
ck_f90293f1eba5d7b6,0.06212965191338745
ck_e69d27e8965df0be,0.004992450163756247
ck_b7f5d10b427346ad,0.009323135903628148
ck_1ce20e4223a936b1,0.013152766938121466
ck_6b97d1ab90f6bdeb,0.09754901088489813
ck_e30e17db5473c7b2,0.004809131251521294
ck_154c8efb19dee665,0.009403436828175049
ck_6f5bb0c930644cae,0.9926603463364975
ck_9e17699baa83d173,0.0023905227929493793
ck_9693b1eb70880205,0.010448245597293777
ck_1e97899875bb427b,0.008930309012788146
ck_558a82590f65df69,0.001980590912180341
ck_18df83242ff3cdbb,0.07350239576511293
ck_80ad4396e1084c68,0.0600546010189092
ck_0a993bc947bab61f,0.029774697844983895
ck_5c2d43ff841632f9,0.010698692921628351
ck_6e4b99fb9725d9fa,0.01538374934002786
ck_e0983999ca26c19e,0.10356546290981379
ck_6573c4947cc8607e,0.05737811775947246
ck_d879d645d6e44207,0.02927390689836763
ck_1375ad9f10688e4a,0.0034094696227982015
ck_7501ebbf4e21f160,0.03360425454161351
ck_ca60d61cd4dc3bea,0.0021757665969537056
ck_ab9ea095a5c58b4b,0.014189908549435443
ck_23756522b58df5d8,0.0018985594839818893
ck_90bc176c43d85fd5,0.3093336231793719
ck_908b663b2dda94ad,0.01800738640017011
ck_4df2fb8e4b649e27,0.0074953192822405515
ck_5615c6bbdef05291,0.24037499404597584
ck_b62f3e3185251f71,0.0018389600064153647
ck_38d1a22850178f33,0.0028265939850768153
ck_5b3ba20c8bb1383b,0.018314377893647402
ck_5576ffc6aaf6f22c,0.0032314011554787753
ck_cf7a022178165e56,0.0028237211485066097
ck_f2c7a4c50e2ede96,0.039298744928509745
ck_285719c77eadf915,0.0037808768465565426
ck_f2aa1b677619ab19,0.01497359573326063
ck_3830c58d841e9e69,0.8751338777727152
ck_32eba3510c8eac5e,0.024421531921815207
ck_8955d7b9030d5eb5,0.0482560707128068
ck_6775e387dace7525,0.09232420388672269
ck_0a0cd7f4be606a93,0.08978802878065766
ck_a9f700eee5d638df,0.010468563825297506
ck_3d7db96995745472,0.04244753019238115
ck_aeed557007d52e9c,0.0021996783524503823
ck_79b6a86830156b5a,0.010438090001977733
ck_6a1ff9d69466181c,0.9936806050963841
ck_f11b1565f986f5e3,0.023575063144957973
ck_4819327a78615485,0.002509913528443595
ck_3ed9e081959b2f5c,0.008076271031294366
ck_16af4be191c47d3d,0.005550107098974605
ck_25122cc0e8b1a662,0.12463039251318077
ck_509c22828d467ba3,0.06744509019252225
ck_31109c899336348d,0.1335882089766517
ck_c51131e53baa59c7,0.0026416827518374974
ck_cf8ecabbc61d3e11,0.004343083041725213
ck_eb6baff0f85ba936,0.03327371618322302
ck_777669e2243204f2,0.8045012401691466
ck_ac0ea27e692acdc9,0.025649799687984823
ck_4c6ea04ce8ca9e2c,0.0046543120462018235
ck_ca54b32fca7e94cd,0.004047924152822729
ck_4dfd8947f540eb24,0.012838281486238431
ck_95aff1fe27fb24bb,0.10091118837183759
ck_c7550723b90e5615,0.006887066241545545
ck_57b3fee69bdf85e8,0.0024005353272434893
ck_f823407ace7ff064,0.04286660912397681
ck_a69084a068bcc8aa,0.12474081453747837
ck_c7b17f7b24bef5d7,0.05290709907087115
ck_7c4e588f927c27c8,0.01601145247687522
ck_77fdac602d0c6f95,0.06583393227214755
ck_e963d8525018d072,0.05816263203924834
ck_6e8ebaea8f7bffaf,0.001990001472482668
ck_aa42976a31cb7770,0.01933851796341996
ck_22c862a496008c96,0.9940557818002199
ck_527550dd15f38782,0.04662345684416284
ck_b3ab3c210e2c7c19,0.05128045021542951
ck_ed9c56fdb9f45ddc,0.34784779581627717
ck_b53281da70defcfa,0.02827473119133327
ck_03009b721568ee98,0.013511736597093474
ck_3d9afd862b3f4053,0.4827082040169805
ck_ad3c4be96599554a,0.02543134635453927
ck_d1c787c27d50af49,0.02381888699124173
ck_c7a9c7b2eef46a99,0.003265834313282895
ck_53036d3c6c74446c,0.5094252753510959
ck_1b1efbd9c0964c8d,0.03022183823826836
ck_d66f42a269d5c1ed,0.08326974609077087
ck_fefc49a2b8ad993e,0.04104533475866923
ck_8b3b874249adece9,0.07740466109115728
ck_193d9c87ad3f1dad,0.0019412110543775743
ck_0c6a50d747593b7b,0.03953837985391235
ck_c830f3830875b47a,0.0405873253215557
ck_79e202f06d8dfe42,0.03155475449126887
ck_5c0fe988b8aa7fcb,0.16736519666695612
ck_a8382d8345f21e1e,0.007211739357781071
ck_8cb20053914692d0,0.04204408236476586
ck_1da2f69023ca4c13,0.0030552163894530045
ck_38abb60995114f8f,0.05501449838075722
ck_f5791fd8fd8fd191,0.061659496658823164
ck_a4e6fc391b674335,0.7512485665803608
ck_bd771efb4a7e15d0,0.014275722640134866
ck_38ba4a6b6a292054,0.07861251444659346
ck_f7a07283345a0dce,0.01579085520140712
ck_87dc484baaf5a23a,0.002351015711125554
ck_c84ef83489badbfd,0.03878278490861684
ck_a397cd64ec5d644b,0.0038793800555702446
ck_7977135c2ff61e92,0.016475396911154818
ck_52174855b243a8b0,0.07118174242345086
ck_0f35e930d0614613,0.9720481293580353
ck_b170a7db522a0d6f,0.018994616150265688
ck_7af748a23775bd54,0.20734683781904728
ck_52f641c9ee6fda70,0.0227477143668597
ck_c3719a30414bbb4d,0.024225154001681067
ck_2baf214ad6bc0dbf,0.1252631447764818
ck_8b39d8aacfdd72b4,0.00310262112121037
ck_d39b0152116203be,0.05250112209349403
ck_ed33f8a937f9c7c8,0.021483984355502434
ck_8ef97b55a5fd6ec9,0.002358850442775303
ck_8247f008a14bd1a2,0.0027991325761497926
ck_f0d349d68249d5db,0.0030438788755807107
ck_a544e766540861fc,0.06600009735358821
ck_9dfaca4c7c80b10d,0.10427413419772391
ck_7e5401c362b2216a,0.002326890172656417
ck_64ff60c073fdb6db,0.017076797061652563
ck_fc5ea49518e5d637,0.004229272896602275
ck_580f136ced341298,0.006907227804018575
ck_9cbef9bc95449dca,0.01746779720191025
ck_e475a3b8ba870a7e,0.009338935864904533
ck_97e94708bcf43563,0.02423089210981502
ck_13f03ec785cbdae1,0.0022230004780629136
ck_152820d8817f478c,0.009630303924043003
ck_d20d4ba60eec9945,0.014283878534133787
ck_5c45968a805132e0,0.061681994292616914
ck_bebea2cf3063fb24,0.029313538110240983
ck_c3c69aefe7ea1d2f,0.04747321248457983
ck_02028b72f26fe855,0.01504553745402326
ck_dfadff70a58a9133,0.0024223495319860055
ck_6482ed4491bedcaf,0.007047472863085523
ck_754cd7b4a5ae3f94,0.012909806522178156
ck_3132857aec8485bc,0.0029255365684583926
ck_7ce4ca91b8f9f1c1,0.0037161964319577987
ck_41938582f4351772,0.004356615042633657
ck_f87d66946252476c,0.6420117659532679
ck_8053f1879a9b4e43,0.003571676397364547
ck_93892e91387f5103,0.0057501267841328875
ck_15254db133b28371,0.05532153793836845
ck_d557b9feb241b3ec,0.0030839747295801395
ck_71c3a8e4c12c989f,0.00708925386334201
ck_80e3041811033443,0.027985129045728807
ck_3380d60067b4634b,0.0033225108247449224
ck_a9c2cdc758df8510,0.03654759193456567
ck_3c0031d7514da17b,0.031105178009993167
ck_18d214b1418be39d,0.00533343297350454
ck_7ce768407fd48321,0.03443801711017604
ck_7a50abd42298133b,0.023922140709275397
ck_2db10f987d137582,0.03818874086195939
ck_e077d004cd1d80ae,0.01532252705752317
ck_1cb6dc67f9a321b5,0.07617136403704174
ck_b864f64101149c35,0.2525431394574305
ck_9bedf54df9418e4a,0.007613224154710767
ck_c47e32c47f0e6578,0.4288570010133306
ck_71f382d5e338daa3,0.005725007017713952
ck_14b4bf7be6ac2b61,0.05463418832175171
ck_5c87eea1cc07cc92,0.0454482128708702
ck_5f445182829ef342,0.025321184422307668
ck_a5d7311291caaa54,0.0028558573624796278
ck_b7df99aecef385e6,0.0465269263328111
ck_3327a0582407068b,0.02294468142436965
ck_08dba09fd7dab896,0.04020984567101304
ck_f4ec334be5266378,0.009267809273492607
ck_240f7f894c5a86e7,0.0032273203638027476
ck_a9d994554fc14a02,0.001212983576653103
ck_13648cbd306eee6d,0.01823857417365853
ck_601edf9105b3c321,0.991035631659952
ck_9527adac182abe57,0.42167863282178075
ck_4e0e80f5cc271bf7,0.0022238315156488985
ck_96a89e720176b389,0.26330217006058315
ck_63560eec94b76d2f,0.02999218964351009
ck_c9c99e5b19aeced8,0.0027749436873745134
ck_bc32655ee5ed643e,0.04074950615823517
ck_edccb5a93b741744,0.01790124485452484
ck_f786cbc987b70930,0.010053252263195927
ck_0e8f26536ccc8947,0.033481144356095276
ck_b87ef4b98cfcec4c,0.040954413029202844
ck_1a9235812de4b2c1,0.020409827646356887
ck_d1ed88ea4211ba4d,0.013446595489083744
ck_a4ddac49657a4450,0.06932691697830805
ck_d9ffca35188e49d8,0.020040269762911747
ck_3db73bbe03c3d240,0.003400323492017314
ck_fffa0622344a36ab,0.008809682218851233
ck_148c28df51bba5e9,0.9016795054215342
ck_076cbc25c8f15fc3,0.9587595052561589
ck_e5ca550b39ed45bf,0.24188489612856423
ck_8dacf3a2061ca17d,0.03509270462362955
ck_2d7394afd61643d0,0.005523430565498162
ck_e42206e91f6a1752,0.0037135012594238215
ck_2f4f94827984c426,0.011451967027510099
ck_edfe8e90e8f4366e,0.010779046431485534
ck_646b15f753e5e9c6,0.06852521670920644
ck_66600620149c8799,0.003328118087627577
ck_4ff6fc70bccfba96,0.9079285764680991
ck_41af3729590c2484,0.019965673334618055
ck_920a48ba8c583e96,0.005042430698862624
ck_0253b3e7be021306,0.0022373206055696184
ck_2ae6949246ea2648,0.04692510819574965
ck_db23a5100f338d72,0.005693167771308933
ck_fcb2a559474c3493,0.015039216699308883
ck_0a4d7acd2a53cbbd,0.021164505448917525
ck_c5d62b2b7a6f3bac,0.9584598924067258
ck_cf59f4fc0ea690b2,0.013888716609340206
ck_837be8126bb19250,0.002333453394397831
ck_58955542edee1adc,0.00406312821132161
ck_1b93381d8eea58d1,0.016924258595505413
ck_97b8e05d62abdc14,0.05187992490306159
ck_71a0d645744302a3,0.006959635578411856
ck_a7b57882ab66b111,0.01306863675914362
ck_65f76421be648549,0.015358896991327161
ck_b53ea8713d32ca7c,0.04191737740598452
ck_991c4c924a1d85ff,0.6869820885565994
ck_8432ccec1a4ec7fd,0.9864567717855538
ck_64c1633297f43788,0.009509513166076356
ck_4291fd9c1161d8e1,0.08611001583968035
ck_5e98ed6391d9f429,0.07168711173266656
ck_c7baebe4549fdbb4,0.05102763833856983
ck_6e67225ba59fa5ae,0.059094327763853934
ck_719602def4d35fe0,0.02333202152039608
ck_bdee7c86f5ebe81f,0.037646195131675816
ck_8de38f8c7f91961f,0.07099308449957602
ck_b0b5bf9254700402,0.00864552293586704
ck_7b55d9bb1a250d4f,0.05653678319056794
ck_3954b7b0fd1d6614,0.0024072294375802814
ck_f29471fe7c818d6a,0.002203953405480284
ck_9e65a8a2f587691a,0.014725007740061012
ck_eaec5f1a83b66eb0,0.5210203109444816
ck_004fe0daecbe2c1a,0.13633698908090586
ck_d17653a4a2d4a79e,0.04523459940379131
ck_0dd417fcbf19e424,0.019452996830113048
ck_4c99a6eadea143e2,0.09406843708991824
ck_74d602c907ee9119,0.0026152098559023887
ck_1aa87cb62acc0ac6,0.05432205628809209
ck_094974d75e29fb2f,0.16172970610248358
ck_5ef935ac3d4d3332,0.019318887616506904
ck_b26e4ae47c9107ed,0.2618383445900373
ck_396cea6f95186ad2,0.029623369622165278
ck_48446a9e8184c7d4,0.007914932746423194
ck_31e1ede23247d56b,0.08912481105225444
ck_7afefa349b960a3e,0.02378149318377103
ck_f5e02a3432571b20,0.11097254171846209
ck_64eefec062592c43,0.01674816244287475
ck_a1201284122c141f,0.01910550924556344
ck_1b34c420a4c85a95,0.01920017604012732
ck_d637a011332ba67a,0.02066238982868908
ck_99c0004d8b7079f8,0.006833652251551169
ck_948517bad569b40f,0.12244990771743057
ck_a28d6b1601b472a6,0.10358603220521569
ck_a0b4209feb31f5c0,0.9940821638044591
ck_d6d2c1f6dfc455b6,0.746424680893881
ck_3f9e6d356d3dd3cf,0.003216568903094248
ck_d08e00c842b75176,0.013700986024034259
ck_bfdd232a7c5f2660,0.080950924285442
ck_2cdad03ed069438c,0.02077815261459156
ck_42317c3eabd0a285,0.8026251115883504
ck_3eb73e56751c704d,0.031522491574908044
ck_ef33c04f4c9e3758,0.04704017538111562
ck_1dc23dc870f1773d,0.02372321078776975
ck_76091f357974a152,0.03610265768761876
ck_4d9eb75e8eee90fd,0.0867843311509241
ck_578f67e69e5d2cfd,0.005135428612428352
ck_3a8ce1cc724229b8,0.0024508747477067342
ck_a96887f841e80fc1,0.0402958061217965
ck_d2d4a8f4a9f2c33f,0.007992783796819345
ck_11f85bc705dbe036,0.038395871317933004
ck_7429b3f87528e335,0.008641077536928913
ck_26df74feac7ec51d,0.02258459778716022
ck_c78b2638fadd91ab,0.04521860613982945
ck_7eaad325abe3b50c,0.0027288177138567182
ck_fd44e34af620e606,0.03439670969892126
ck_f99738dff854e25f,0.0020996738418925733
ck_1ffbce3a239bb264,0.005511493128155531
ck_96c7d52ba0a766ef,0.08284343528616607
ck_cb1c00c300af3f9e,0.022786574471111765
ck_ec3d12848ced99f2,0.011221430714788353
ck_26cfd7c3c6c7bf69,0.009988107273459156
ck_7ae86b5a885affc3,0.051647227778373626
ck_3edaa94d28cd48ea,0.013995710259133397
ck_3209c530c9812e39,0.006115880063657912
ck_ea62ebfc1f04b49a,0.008092974451772624
ck_5fc90b4668ea81bf,0.041461055324324515
ck_95654593cdebd141,0.005810575212431667
ck_958c0bd61820147f,0.05541283142430753
ck_8440ef1386c07194,0.01236971250686842
ck_8cd1b68dd74b1375,0.2078822326538233
ck_c9eb4df91ff07f2c,0.10046976255145358
ck_c29489366c01fe65,0.9847606372306682
ck_c965fd6bec0f0ecd,0.05309993577954819
ck_84c402b23766e1f2,0.03277234638151689
ck_181f3dae03b87136,0.034251631575908804
ck_022a8ae79eb28cf6,0.8063688193469142
ck_469c17407d17b706,0.036315387152989986
ck_1fcc5843f39148a9,0.009795797952097805
ck_5debd55f361b2ddf,0.010502694374298295
ck_28cb9b03e89263f1,0.012270028526733387
ck_f067470743d3c7a2,0.16966853518173533
ck_d5d225ce41a1a762,0.03373699494192562
ck_15b4840922195ffd,0.004646004336948911
ck_6bcfa37c717f19f1,0.057961405500463935
ck_8d501a0386c66be8,0.19121021535492808
ck_1a9d6190c57ea7e2,0.5097717903192204
ck_c49832eabdac5bb7,0.003392191390635785
ck_b4331140b2e0d4aa,0.008106724463691364
ck_5efbea1befdefe1b,0.47767044589901086
ck_72ff52c4824072ce,0.04036530766575189
ck_ec3715add8bbb6e9,0.0023011200073045175
ck_9822f8ed05335741,0.011223170172279388
ck_c3d7d3d12a1981a3,0.0064203260799667325
ck_a115a7919ac5875a,0.09103723355110604
ck_4dd4ed23e0b927b7,0.44098315876854216
ck_4c76efcc1ee6762d,0.016575430095657633
ck_3ad6e7bf452c9b21,0.028317795636280046
ck_dcbab304b55a42c7,0.04253720325904875
ck_24b53090faf722cf,0.010344055102894363
ck_187317383400491d,0.022312246970803834
ck_e07fd57565c94c28,0.10696410925559062
ck_740e760fdcd27835,0.007119162590773852
ck_d3796aebda1cfed5,0.8559687464300159
ck_e541967c681cb929,0.06435354978898387
ck_431118050b834dcb,0.0026445806442060658
ck_90f3655f0c8a0074,0.002736920726501711
ck_13cd943777651aac,0.02066937103960137
ck_66accecabf3901c0,0.05546053280660943
ck_937f0da2306b2eb9,0.009361761054201511
ck_105b0c93573fd5b7,0.8663374852858904
ck_00480407160e0743,0.0020691372763012267
ck_e032068be7b77d15,0.058602648033884035
ck_991b7dfd69098320,0.0018915328985089032
ck_37d47cf0f34574a2,0.002792825987141216
ck_011551a596544f5d,0.002146568027761264
ck_9acd98f4fe2d474e,0.13856022601182935
ck_7c88d3d377bb61bb,0.07527646784569414
ck_e2374c7136c964fd,0.037543927373339565
ck_2fa8f2577116e9ca,0.08980902109510476
ck_d07c5b0321c685ea,0.07586638234445299
ck_bc736114a31088a7,0.030350568572113837
ck_32bb42f9bff197f8,0.010301331495037728
ck_66267bbad1f1415f,0.9776793958201204
ck_19988702ccd79201,0.027207033765498354
ck_f473a03fbcdbc4b0,0.002557958550979548
ck_e3f1d85fa5d49396,0.024142946361859877
ck_c4402ea6291df271,0.05441371503297581
ck_243bd5ca8c4ae5d0,0.007926662193070207
ck_f271e855925e8d6b,0.3358248826343453
ck_e424148c6f2223df,0.0025833629415651636
ck_e4d0a9e1102a58b5,0.008809072296747995
ck_91c2a5fe69b9b1d1,0.010115192349126157
ck_5fd8924732fe403e,0.4360078958638262
ck_9a881d5433126ada,0.004931945942262687
ck_73cab88b29c7845d,0.0924623969123957
ck_5b5dea6476d4e182,0.027149059339470333
ck_ccccb17d2ca6ce94,0.10011791628968941
ck_cd1dc68e441222b1,0.9199686098888452
ck_8312c49b1431a406,0.019759594247801812
ck_25fea39897f2a559,0.01148741083157155
ck_f56200205280bddf,0.1449309265265367
ck_7336611650dcc088,0.007539003738719011
ck_590716322ff147ae,0.04489635582927707
ck_c82364d87875a1a1,0.02969102718715601
ck_fa4b60387d744fc5,0.0019948494391347714
ck_d841eba8906e9a15,0.010568892890000627
ck_d6df562a79b9d0d9,0.020530425910197502
ck_59a14d2564193101,0.002711804171527272
ck_8530158e3d7f59e7,0.013841476938044106
ck_ac68d707006c12a8,0.020184980645553453
ck_976fac1bb3dd8c58,0.024247733512352123
ck_f854fba8f4adae3d,0.11732332596211015
ck_b98e9c3ec6e7d1e7,0.014147432622329143
ck_803c0b4cf9d4bc1d,0.03404493772732592
ck_76997a33c3ea5107,0.0020155520350595784
ck_f1a9d832b700bda1,0.9831526275272037
ck_2bd96ddb8c323d63,0.9852136146499421
ck_9e5b7acf51b1b743,0.06548998870320305
ck_09169f22194fd6aa,0.026523862030015933
ck_6d69e092f9b0848b,0.01377585977023178
ck_9f83fa5a2d3b9049,0.017458070895374624
ck_57bbb19eecb4b87c,0.004992326999779918
ck_e0e9cfabb979f428,0.009469339835468564
ck_b1ff9edc51d42f97,0.008517206723923938
ck_4682fad271d47eb0,0.9028552096291805
ck_ab33fb754c818ae3,0.038460959216192574
ck_b456f62b80e21557,0.0014408824758950789
ck_16340be3f2a7fffd,0.0021157479210933265
ck_ce66831f6611014c,0.017178705526453276
ck_4610a073bb54d1b1,0.022697174825531158
ck_fd038a7d33a9d6e5,0.0021612578236594906
ck_c8198cb4c461304f,0.08277120703296144
ck_1e7de58822000dea,0.0038948157768872206
ck_b2a79dd3df560f14,0.05390563326624443
ck_74a06f347b32347f,0.012664086558339407
ck_c6fdb2972417c9bd,0.02302081579150909
ck_d7607a213b800bfb,0.05233514255266305
ck_df65967b8b40319c,0.00640646803883413
ck_329a73dbd585ee09,0.00363054918543503
ck_74991a9e85c3b07d,0.027298204444661554
ck_bb76609b79e0bc9f,0.009257279451187955
ck_f7fc1bd0b9ab1fa4,0.019733907508504348
ck_d111c98b36bdb791,0.012184214716513792
ck_f07e27d125497b66,0.009277765883700636
ck_093e3a7134e11d6b,0.007807515591777922
ck_862c7953bdea48b0,0.008898883015078206
ck_392cf2cdd515c34d,0.012601797597550259
ck_80eb91b0b4001084,0.055889429912896804
ck_5923f53b77193a58,0.15539822739786438
ck_8049f5fce32be185,0.7446890533547584
ck_ebc5a2c6cf88e252,0.11457662878597381
ck_9ea5872f14cce338,0.034416410058158646
ck_f7fbc95ebf584379,0.021569398275475143
ck_bafe82c870356706,0.9748342449588998
ck_278b36c5932d9bff,0.002206357448192011
ck_6a892dd5d05c1649,0.013367178129212285
ck_0734fd90b2cabd43,0.01376027134072732
ck_9b552204498b6762,0.06302191102621231
ck_f6c909c205767956,0.02991372289103113
ck_32f590e87bc3d715,0.0027388676394901903
ck_66a8325f28be7562,0.0024646979579401847
ck_b129261da9c3c3c9,0.0028924753462276635
ck_a524071c51ddde20,0.023147679598037905
ck_ba576d6d4cb6130b,0.16623010720978681
ck_8d8226520722af78,0.03986592000548944
ck_c5b0f0d4f1655a20,0.05840298434856462
ck_61814ae9b6d8eab1,0.0025387536404759977
ck_382ebf136f7fa337,0.2726531228459226
ck_423ff4ede6a9f066,0.015951725262652105
ck_546ad962d04b7de4,0.9375925686482263
ck_9473ea4a01c95f9a,0.27777352762452273
ck_9eb1da8cd35a50ce,0.036240084815102346
ck_de5eaa2cdbcb67ff,0.2181042862346961
ck_537cc97d0398c922,0.255774452461001
ck_998475a2e4dfad4e,0.011160558327372486
ck_e62eb708d2688fae,0.03422855789060826
ck_ea623358f704daa7,0.1750981150546463
ck_b911a09f328dfd4b,0.003013926162233486
ck_4b3506b624e5193c,0.07872462472959836
ck_448456f96788713b,0.061240244429371066
ck_5d5ef9e75f65d076,0.029833464723011755
ck_3b74512f774a6e5a,0.006728098553804167
ck_a032e8ac1507c6df,0.8162843625280164
ck_7e2d6b22a0ae20c2,0.07700783277567823
ck_d80283209c963f11,0.006609399468707333
ck_d1157eade2ac3975,0.04379029559163252
ck_be48f583f79427f7,0.02729923134425305
ck_0027b5d4107d65d8,0.10683174145162809
ck_94fff69584dd3b2a,0.021452822519578123
ck_75fcda73f0b43557,0.02674873570698748
ck_a1c78972e4ee4082,0.03922567445503559
ck_f0982bbdbd122f91,0.01277845946102008
ck_3199b471575aeb3a,0.011366321915034103
ck_7fa947a0b1c1cf74,0.07622392890078465
ck_a60c618b7f0e4252,0.01009361149018948
ck_722ac47c8ac9b6c3,0.17127487098605465
ck_d44dc3839a195c8a,0.0629775208189005
ck_a2c3e82fab520483,0.05124990802752297
ck_6f8ae0319c07cafe,0.002551989573546533
ck_49886ff1e2c759d6,0.04516065359552112
ck_150a1108f936e6b0,0.005551485542392272
ck_e21f9f96f597695b,0.016032602055121206
ck_7297bff2b7fdcbc8,0.0025502906216185064
ck_ee949c71f4f702eb,0.9447619974719345
ck_6fc37dea4b4f35c6,0.07396784911780656
ck_e76257caa98dc25d,0.9894872894586354
ck_828eef2334e17b3a,0.032063553607494834
ck_604e1b8a8c693aa7,0.003982532885764757
ck_7743c9fe037d1f9e,0.007681741333744864
ck_864a11202e19e812,0.21975464083833252
ck_4ec040b9e3785e4a,0.009004024468053958
ck_7346e4f820d9c00a,0.9093463739575847
ck_48d4d63beb26b623,0.0041959010225376585
ck_c423aa6de3ed1e01,0.008375218039306881
ck_d74b2ead8aaa3f73,0.029081927658334773
ck_1dd69a11daa7bf1a,0.03278389266615062
ck_d9143e236eef177f,0.009540889163944816
ck_f790d91e5ff0eccd,0.33199107642909736
ck_69b5620e00ef5dec,0.0030649252434158092
ck_cd32e58e8a1c0e85,0.011919929786381766
ck_064013b0957d87a5,0.9920759328782739
ck_a481385c2e60dc4a,0.005177280583276639
ck_d72035cb29db3aa4,0.08833777826688222
ck_3759939a0205306d,0.024515787544761792
ck_f437a53fc832ec95,0.8663632395929776
ck_260ef2f3e6434819,0.04693242011801093
ck_35e411b05d22f663,0.018675733704511366
ck_8bf46e472f3e20de,0.32605476800437966
ck_d546994fc5d3e9d1,0.03328393117567056
ck_6ff0fc7487e737e7,0.5269668989800192
ck_5c67f27816ae0b6f,0.018749000554703205
ck_c5517923458106ae,0.011770091998435298
ck_d9735647a6b0b0a7,0.8047932874947971
ck_541a734fc457246f,0.10017145365232939
ck_2f6a639468f41043,0.009592850124398694
ck_bea2cf7a6b7bb900,0.021204878602426595
ck_7eebd0e6ad6c070e,0.0074294231780491285
ck_b64c87d5e3b10e6a,0.9069833130344641
ck_9dd7daacb7833233,0.010488568649157102
ck_396e9ea9a6c6d7d9,0.0034885720876764656
ck_1645e6cc53fa99ff,0.0856510633879185
ck_ea2a83ccb8d57490,0.0037901249361447648
ck_e64f0df63e1be595,0.09462593958311438
ck_fa0b234481cb57d3,0.06685471835374278
ck_63379e3c9fe6f711,0.07036422121708746
ck_c67f7944896a0310,0.054291990813996126
ck_c10e54c9db29e6ef,0.9933893165849036
ck_7184ad7709ae4c80,0.038064782311959665
ck_f8b6069d7577fde6,0.0024218680760125775
ck_18444be153bac1ca,0.8506456299856606
ck_d0982b4e0e118e4d,0.004576202217520355
ck_6faf3e6820398866,0.020321678287031325
ck_97e980463aca4644,0.0022613545785130098
ck_630c835243c66b19,0.9255053170462597
ck_fe429ba3e1aa0e4f,0.04854024986328875
ck_1058129ed7b48c59,0.018511435432447546
ck_04a1a46f07885296,0.03910125463013214
ck_f01e94331067edf6,0.015659326616819135
ck_77b2fb17c29f5e72,0.04607856292692606
ck_4f0c5857da45fb28,0.1031338806634803
ck_2cfb9a7775e8a5bc,0.953035139303437
ck_6846100e43659bf3,0.0034225504347984506
ck_f89719a854fe11d7,0.04457840139605438
ck_bf47375e41ca3bc0,0.004068341472715466
ck_2770b0400a7bef08,0.18296953536917648
ck_2a09d142de1c77ff,0.06012311543144977
ck_857a1f5547b9ad68,0.032969125127555864
ck_185f15b1523bbcf4,0.00369681174172294
ck_ab2aed614ec1cdf8,0.020863701886443892
ck_a9e7f3b2d5dfd97b,0.010051084487560641
ck_0eeb3d9b3e697edb,0.04486339474582542
ck_fa5830d81bc8ddc1,0.002168156309953534
ck_231ae0329ebc3220,0.003128840629065741
ck_1587763dd54688c9,0.008298098333568519
ck_9f85fea4490c00cf,0.012565778832952519
ck_a2d709e7eb91e4af,0.04092299344598264
ck_43637d28c7216453,0.0025394435417148663
ck_f3ab5dd853d38252,0.057723420304419154
ck_4a1f0172d3bf4fd3,0.006741399756840849
ck_517620ca16505af0,0.012551751278258095
ck_9ae904fbef56065c,0.0018920037843082424
ck_d5ef1f6e34bb35b8,0.10848526919084699
ck_ff42557857ae3aeb,0.0034720029971760887
ck_ad9a18f58589faa7,0.0027871190706443565
ck_df1a6edaa3e6b271,0.009456041642196416
ck_99021fe7225b5a68,0.03997126370022502
ck_99e52c3c2530b69e,0.987907307502344
ck_3a4811dc4a1a891d,0.0027957088289435523
ck_ba3a6be026c87079,0.022439602514177714
ck_da6d1e5cf6aba6fd,0.017087255843075504
ck_ddc7c1f3d45fe6e6,0.033589719792143646
ck_e1b1e7a7e4a15b3e,0.003641968027162859
ck_8288f7f226e08b89,0.01564584789103081
ck_c4524993ec31dbe5,0.003337557096495251
ck_8b19bb5b23b6741c,0.02175953510667751
ck_d21b38231a8a9f4a,0.058843291227872845
ck_3f730318a9792292,0.03947517224742026
ck_a4db6e94a8f77f9d,0.22755501082887494
ck_a8cac8d480306839,0.004929690207846423
ck_5472214011fbc2a7,0.008518673617198947
ck_7356f47dbbbe7904,0.005092466563775226
ck_16801e628e883d78,0.0149917400179553
ck_0dc1e536231c4860,0.058065638934764574
ck_7cd0634a6e60af83,0.010521559733069723
ck_ef6f8e048ae1bd4b,0.019692907012296323
ck_82f3f744209888ac,0.06846644199614683
ck_f33188c232a03526,0.5725608889824874
ck_4a59f4e10bf45d7f,0.004149725166781041
ck_d96c893721385e4e,0.0029968470583103517
ck_f65ab819373edb37,0.028623342466203922
ck_21cac21fc10b7768,0.012535836639314431
ck_139b54e6ccbdd7da,0.2754485443230839
ck_d6f5c8741697abb3,0.045766467036736
ck_a28d9bb5590d458f,0.14086962654913446
ck_ed26d906883bea0a,0.012243165143687255
ck_227602ad072b838b,0.003984606384308798
ck_39d5f6c17c745ab1,0.0034094247986538634
ck_744eade757ba69b5,0.04533923664562479
ck_c1295d97cdf35ec2,0.016718793846847498
ck_69105f881da3c821,0.06836487802957852
ck_933789b55361d7c1,0.9036050178202991
ck_b667952253503174,0.0057817087132806845
ck_7bf668e25abeeb05,0.00958209656600516
ck_91742711dfdffd56,0.014830982262251878
ck_af32a0660090dd68,0.07907332966183828
ck_2122f201e65f76ee,0.010299342787398866
ck_f48acb73a5d6af07,0.16523594562842617
ck_337c5684510cf432,0.12550278813523266
ck_f7bde7265053364d,0.05605857634008584
ck_c190c7b924edba75,0.08269162194541611
ck_044fa3b3a003f0b5,0.05331595913915795
ck_87eb43e3b9d96169,0.0772101606804797
ck_2d3d6c9364362017,0.0018235444193864935
ck_ac55dc6cbcdf8228,0.01879467588644509
ck_61d7b0568ec5d6cf,0.02068799798145632
ck_89c74feeaffa7d09,0.0025724153017448285
ck_93776b0c113f41f0,0.06599778180299691
ck_15e0b679931f7a8d,0.017535498522535477
ck_77b56c49cfdb1d81,0.25958063782374835
ck_73188a826b5f499f,0.014361805243356673
ck_4f463ef25325ddfa,0.523323614870715
ck_863db2e394dc47d1,0.9459315377727983
ck_d52432ed597f3cc9,0.004559248602170313
ck_04fb61e5739642f8,0.291938185642448
ck_2e481d75d110c06d,0.1910791510796143
ck_3fa1a523d77cd619,0.03741150240300531
ck_466dc6274fecd708,0.06288748455440771
ck_e1790b3aa2241b10,0.8564720177188129
ck_84ad096a46e1a960,0.03581048958847505
ck_3be72c9c178fa00d,0.029379303763110657
ck_5a17c89219d1d9fe,0.024379440051953596
ck_4f639f4ee6ce8d9e,0.1191768551659238
ck_f4ec4a935e51b4db,0.026770891270701133
ck_f04040a830f92bac,0.008518559831368457
ck_3e4d02a04be2aaf8,0.02561228048196351
ck_4d1baef193cfb900,0.06124779617739018
ck_0fb3153d37626b75,0.0015312178019011103
ck_88ec57a11b11f702,0.9454963549176766
ck_dca9dc465f759db4,0.0026993333407078907
ck_64f5fba6af67e024,0.017256692196665258
ck_896096cb167254ef,0.06705068357297445
ck_7878679065876b98,0.06839122327745609
ck_fe8e5a6c880ceb4e,0.009540676763551316
ck_a5e036327d3d1862,0.0015836807120621105
ck_310f73940fc4cf4f,0.01969007899254609
ck_46a8db16ad00b749,0.0664305735799236
ck_0d33977c3de8cfaf,0.9936583454593575
ck_c6fff412f531db0f,0.0016291275799092536
ck_bac6dadf428eaea9,0.07929833933524104
ck_1b96d9af0d7da2d5,0.012438661829235571
ck_fa8a4a9e77799fcc,0.008564161392410802
ck_0bf48607a874b4d1,0.005286461589503399
ck_eeb75f8a6439f65e,0.031142548970541428
ck_a209a5f7d172125e,0.015375829514995795
ck_8f346b72fb40bf14,0.014333470938880358
ck_bccbf9fef367f00f,0.03462520277981412
ck_2d1548f1ee405cc9,0.004345779335269642
ck_e8298ff2dc1e9d50,0.011340330993413188
ck_77c0fb524edb4a94,0.0031377678785240795
ck_28ac4c5134cb8e77,0.028388431014347112
ck_db23a0e3e54be60c,0.8235310688030842
ck_a059d00cee5cee99,0.002529431306276892
ck_3e9e3bba8bd363af,0.0036537074517957635
ck_0428728df24cdab4,0.005258010383644428
ck_88cd35378075c84f,0.002209272230884527
ck_0174d76398d9dc0f,0.013643496950314865
ck_3f1287e6c27de0dc,0.015798099656288464
ck_ff822700f3605e06,0.9879860945862499
ck_4563227b2038ae07,0.20536205634646196
ck_788e78065526ee19,0.07712486190737068
ck_8a16eb584093b12f,0.004084144263289205
ck_cc276f71ab6c08fd,0.0631131412114176
ck_d61d97b21002f3e9,0.1196386949062032
ck_4b2e87d86a5e415c,0.0854437475384228
ck_3e6f35e4500d2f2a,0.012820657198274589
ck_3acdb083e0d8ad61,0.006557537134696474
ck_cd655202db489010,0.002728081077009293
ck_829cbf5ccda481ae,0.01709582542806212
ck_f5882e6f98b8b4cd,0.002474722711392002
ck_767947540b234add,0.015589116730794689
ck_a6e8e8f535b1f1d1,0.04486053043160595
ck_58412a2674fea506,0.019127728196427496
ck_fae7e518a585fa61,0.025908468547463828
ck_9c60ae6958d68dbd,0.42195347963831775
ck_328696b8f5e54ec6,0.14654564425747552
ck_7df3f8f4f1068d62,0.006325258882823697
ck_cfadd21458230ef7,0.00985471066809381
ck_7048bedd554c703b,0.00550890323521644
ck_50422466f145bfd7,0.003153752556719186
ck_61e1f7168cd9ff25,0.082996805308704
ck_733aff0f56f5b3c9,0.03539524715746282
ck_e14892e424180549,0.002554406916361669
ck_03f6664a96de7d0f,0.027009901713038676
ck_b7f4baa2cc82fe61,0.013774081628231237
ck_1e51199a075ca0fa,0.006520841912962528
ck_0e70516fa07cfb17,0.9478120646719215
ck_0f37c554a5057801,0.9485965795320054
ck_5576b725de38d106,0.03271969279290792
ck_82f360df1e9f4eb8,0.08001260466546833
ck_395f3bd4aacd7ca6,0.042519876073048
ck_5e8e857b63966609,0.09457611061711536
ck_93470896f0804b6b,0.9434432684508677
ck_3be854e42e76569a,0.00645749975906933
ck_0567302c57a2417e,0.040689485691522066
ck_ee535461b5f05539,0.5268498547039918
ck_94a096c36162a153,0.023291298346885664
ck_dfc8f5c141fd7c63,0.019502589038157686
ck_98b34f2d704c1c2a,0.02377636174130168
ck_96dff7a09d45f116,0.054407526223611107
ck_79557434c129ba52,0.004676039349943823
ck_4596624a7c01d501,0.018635252600552113
ck_04e89fbd739243fa,0.0038613027884729333
ck_6149ffaf18872dc8,0.002020047645752274
ck_cd78f0832a09bd8f,0.8589391605691507
ck_7e29c10d781c3b41,0.014914630872101514
ck_1f7ee7b23fc6f2f4,0.005000115600040629
ck_c49b685d2b3ab89a,0.017653320247974235
ck_84569a8fc50e73ac,0.02216094697946053
ck_b92b11d205af91eb,0.0035314707839824017
ck_06280e6d6d2485b0,0.016891381822780997
ck_3c08546dd0c92863,0.04082330740174189
ck_99d3983f907828bf,0.002035998157593533
ck_eccfd552aa652d3c,0.03380392586876702
ck_0cff8153881875ba,0.014302035540134992
ck_c1aebbeca6ab5ff9,0.0160565116561663
ck_538fdbbb3c2bcbbb,0.03955721736441463
ck_8c0210322733c718,0.007104700777191507
ck_0b0c93039f987abc,0.01754357917089912
ck_6d07d6d1bd227d37,0.2805762901447215
ck_9b6ee35e8cd0b11c,0.009882799197052835
ck_d838491d3d4f5ecf,0.003748501104910703
ck_0593ae243a9ebee9,0.05179754468489714
ck_ef261fc09be8eb0b,0.008875915657809721
ck_d0935b571a4a3868,0.03160311422917839
ck_97d04a67a104af39,0.12720034532976346
ck_e25f70d0b7229420,0.04133177531654474
ck_9b71274ff83de482,0.983778606406883
ck_6de2aa2bb60978d3,0.0735693163955375
ck_eda55c8fb47593d7,0.01542239361585119
ck_924e572517515f19,0.3269651800202202
ck_d6f27eacbad310f4,0.02089153777637363
ck_8550f229b5eb03ab,0.010743322457101528
ck_e3e95546a84d0ed8,0.031316744143508046
ck_3135c019696ee6af,0.8563918033857534
ck_41ba315d8fccb559,0.010617555687617216
ck_72b86e4485da2d0f,0.9522318892442193
ck_daaa995f3c2f0e47,0.02751678784449134
ck_053746067839696b,0.05215210319102168
ck_a15fe7d0f4b65c33,0.6789856762092134
ck_15de11438732bb05,0.02818677935074013
ck_2c4d25acbe3fabd9,0.023819428205045623
ck_7f08078908599bd2,0.0727297750992945
ck_e794741742fb2619,0.01758306867866271
ck_238e53b6dee8c301,0.0021800838046109137
ck_53a6a33060d5c8b8,0.009441490824996833
ck_0e0919292ad33472,0.7661977857841773
ck_d86ccf148c06c8c8,0.062224229459037855
ck_c881f26c9bf9ae42,0.7627443119903159
ck_4b0947bf94e9d847,0.10570552056713788
ck_e10ff5c38bd18470,0.023634899518077058
ck_b60de9e97aad9e45,0.852434908978139
ck_190bc849e5ff5401,0.03605159041331411
ck_e7be077aa0b2632c,0.020729841060009916
ck_a51abde881ebeff3,0.012436775721371038
ck_2208392a9f6bd249,0.024426134311640906
ck_0259da8f109017e9,0.0025299774752404534
ck_05e01ab9c95449da,0.04589307867843187
ck_c82897ebffb6ae66,0.011815000599319836
ck_b4a6bb4689cd7cfa,0.0393093173236611
ck_9e21ea33018ce538,0.026530147997965464
ck_caa348f0e65db062,0.9599666112052673
ck_a964e6b5d8415334,0.6552223491855821
ck_510bfbbee37ff436,0.039929181747654696
ck_9741a82faf5c7889,0.051740926830384636
ck_e7f61b4a39ba98ac,0.002850706096360582
ck_069d158665a53909,0.011938276573016477
ck_6426427efe3228af,0.05116113118531382
ck_ab4a8d02ec3c0fd7,0.0019145355398696225
ck_aefa0d8d933e0eca,0.032832142344800024
ck_232325ef6bce92f1,0.012926479002593657
ck_14e58c3fb26a2b4d,0.0351922720162759
ck_06e73afdec26aecc,0.3299993568633533
ck_3168f4f2778d64e1,0.021303022787287847
ck_ff3998d6858daa21,0.003677393502482253
ck_bccff46fb0868454,0.3160277896835246
ck_c7d444d90fa86d7c,0.6123608914777431
ck_f0bc3bdee6bfbb94,0.05408375860763919
ck_f7112818a6d81422,0.05314170331899562
ck_aca35dbcb835ad02,0.027999623683058635
ck_f637fabf0f60528f,0.004198087285126121
ck_53d17ab97de1ac3e,0.005320311157521822
ck_c8c1bf16d9113493,0.021946358582530023
ck_e842fb0cf055a83b,0.07076832656750524
ck_93c0cb3dac4891fe,0.01244841498464616
ck_0c1f088e17e46daf,0.03753614984934852
ck_8f4b384955bf57c9,0.011044406121271893
ck_09cd5c4df1e81ac2,0.30094055295433464
ck_1e832a5b2342554f,0.035553500464067654
ck_2cb763a881aee27f,0.0073143264774460535
ck_5875828b11406398,0.018241855279299835
ck_48e84b0cb0b90fa7,0.040673145193510396
ck_833688de8629c5c0,0.007361684406771118
ck_117d78ccd5820f36,0.052766985539562224
ck_668ec61c4c39cae3,0.003972316867023162
ck_73a7794b659d7a34,0.008454481646233507
ck_10f90d879209734f,0.034620810536590475
ck_d1d079913aa158bf,0.01035063713763421
ck_01c631b38e8a9535,0.003315998575321994
ck_f6923088c17a04e2,0.1267433868016746
ck_b447badc9138987d,0.0021124459545987157
ck_8b772caed8f1541c,0.013229446824192257
ck_5403c76fe68a08ba,0.3845312851890255
ck_3e6833574edf1736,0.00833235036070955
ck_e527fbb9450a4581,0.9468701805537867
ck_cc90e219f1ebf390,0.004587923722510992
